>sp|P26918|BLAB_AERHY
MMKGWMKCGLAGAVVLMASFWGGSVRAAGMSLTQVSGPVYVVEDNYYVQENSMVYFGAKGVTVVGATWTPDTARELHKLIKRVSRKPVLEVINTNYHTDRAGGNAYWKSIGAKVVSTRQTRDLMKSDWAEIVAFTRKGLPEYPDLPLVLPNVVHDGDFTLQEGKVRAFYAGPAHTPDGIFVYFPDEQVLYGNCILKEKLGNLSFADVKAYPQTLERLKAMKLPIKTVIGGHDSPLHGPELIDHYEALIKAAPQS
>sp|Q8UD95|CLPS2_AGRFC
MSDSPVDLKPKPKVKPKLERPKLYKVMLLNDDYTPREFVTVVLKAVFRMSEDTGRRVMMTAHRFGSAVVVVCERDIAETKAKEATDLGKEAGFPLMFTTEPEE
>sp|Q331T6|TUBR_CBCP
MAVNKNEYKILIMLKENQCTTELKSFTYTKLCNISKLSMSTVRRSIKKFLELQYVKEGCKQGISKTFYITPNGIEKLKSIM
>sp|Q50837|HIS3_METVA
MGIKDIDIKENFGKIVQNMDLKFRKIDDKELLIAIAIDKYKNVLMTAFMDKESLKMTLKTGLMHYFSTSRNKIWMKGEESKNVQKVLEVFKDCDGDALLFIVEQTGWACHEGYMSCFHNKVDLNTGNSTVIGDKLD
>sp|G3XCY4|AMRZ_PSEAE
MRPLKQATPTYSSRTADKFVVRLPEGMREQIAEVARSHHRSMNSEIIARLEQSLLQEGALQDNLGVRLDSPELSLHERELLQRFRQLTHRQQNALVALIAHDAELAQA
>sp|Q9HU17|DCTQ_PSEAE
MHALARVWARLEEGLIAFLLAAMTLVTFVYVVLNNLYTLLYDLADLWEGGNETLLAIGDGVLTLAQEMTWSNALTKALFAWLIFLGIAYGVRTAGHLGVDVLVKLASRPVQRVLGVIACLACLGYAGLLCVASYDWVKTLFIAGIGAEDLDHFGIRQWHIGLIVPVGFALVFIRFAEILVRILRNRQTGLGLADEAADALKLTEHEEPKA
>sp|Q06578|IMM1_PSEAI
MKSKISEYTEKEFLEFVEDIYTNNKKKFPTEESHIQAVLEFKKLTEHPSGSDLLYYPNENREDSPAGVVKEVKEWRASKGLPGFKAG
>sp|P17323|LPPL_PSEAE
MKRLFLSFVALALLAGSIAACGQKGPLYLPDDEKAKKEHSKDRYGF
>sp|Q02E25|RPOZ_PSEAB
MARVTVEDCLDNVDNRFELVMLATKRARQLATGGKEPKVAWENDKPTVVALREIASGLVDENVVQQEDIVEDEPLFAAFDDEANTEAL
>sp|Q4KFT4|Y1779_PSEF5
MDTKLLDILACPICKGPLKLSADKTELISKGAGLAYPIRDGIPVMLESEARTLTTEERLDK
>sp|Q7BSH1|RHAM_RHILT
MTLEKHAFKMQLNPGMEAEYRKRHDEIWPELVDLLHQSGASDYSIHLDRETNTLFGVLTRPKDHTMASLPDHPVMKKWWAHMADIMATNPDNSPVQSDLVTLFHMP
>sp|P35107|LHB2_RHOPA
MADDPNKVWPTGLTIAESEELHKHVIDGTRIFGAIAIVAHFLAYVYSPWLH
>sp|P15013|ATPF_RHORU
MISLALAAETAEHGGEAASHGGLFADPAFWVSIAFLMVVGFVYIKAKNKILGALDGRGAAVKAKLDEARKLRDDAQALLAEYQRRQRDAMKEADEIIRHAKDEAARLRAKAEADLEASIRRREQQAVDRIAQAEAQALAQVRNEAVDVAVSAARSLMAGSLAKADQNRLIDAAIADLPGKLH
>sp|Q9KMG4|HIGA1_VIBCH
MRKTKRRPVSVGEMLKVEFLEPMGITSKALAEAMGVHRNTVSNLINGGVLTAPVAIKLAAALGNTPEFWLNIQHAVDLWDTRNRYQEEAKFVKPLFVSLEQSART
>sp|Q9KN41|TSIV3_VIBCH
MNNLLSAYVTMLLILLSISGGAIASENCNDTSGVHQKILVCIQNEIAKSETQIRNNISSKSIDYGFPDDFYSKQRLAIHEKCMLYINVGGQRGELLMNQCELSMLQGLDIYIQQYIEDVDNS
>sp|Q87MV2|Y2129_VIBPA
MPITSKYTDEQVEKILAEVALVLEKHAASPELTLMIAGNIATNVLNQRVAASQRKLIAEKFAQALMSSLETPKTH
>sp|P31736|GSPH_XANCP
MRVARLPLLHPHRAAPVVRRQLRGSSLLEMLLVIALIALAGVLAAAALTGGIDGMRLRSAGKAIAAQLRYTRTQAIATGTPQRFLIDPQQRRWEAPGGHHGDLPAALEVRFTGARQVQSRQDQGAIQFFADGASTGGRIDLTIKDARWRVDVGWITGEVRSGPLRTPAP
>sp|Q7CG46|LSRG_YERPE
MHVTLVEINVKEDKVDQFIEVFRANHLGSIREAGNLRFDVLRDEHIPTRFYIYEAYTDEAAVAIHKTTPHYLQCVEQLAPLMTGPRKKTVFIGLMP
>sp|Q8ZG78|MATP_YERPE
MKYQQLENLESGWKWAYLVKKHREGEAITRHIENSAAQDAVEQLMKLENEPVKVQEWIDAHMNVNLATRMKQTIRARRKRHFNAEHQHTRKKSIDLEFLVWQRLAVLARRRGNTLSDTVVQLIEDAERKEKYASQMSSLKQDLKDILDKEV
>sp|P94346|CTAA_GEOTD
MQRSLKWFASTTTVAMLFVLIGGALVTKTDSGMGCGRSWPLCHGQWIPDDITPQLVIELSHRLVSGLAAIMVLILCIRSWRVMGHVRETKPLAVLSFVFLVLQSLIGAAAVVWGQSDFVMALHFGISLISFAAVLLLTLLIFVVDKKFSPTSLQLDGQMRFHIYGIIIYSYLVVYTGALVRHTNASLACPSWPLCAKSRLLPVQFHEWVQMGHRLAAAVIIIWIAVATVHAARYYREQPVIYYGWIISLLLVLAQMVTGALVVFTELNLYISLAHAFFISCLFGVLSYLLLLALRTRRRPATAAGRSVEDTASAPLK
>sp|Q59041|HMVA_METJA
MLPKATVKRIMKQHTDFNISAEAVDELCNMLEEIIKITTEVAEQNARKEGRKTIKARDIKQCDDERLKRKIMELSERTDKMPILIKEMLNVITSEL
>sp|P81303|NOP10_METJA
MVEMRMKKCPKCGLYTLKEICPKCGEKTVIPKPPKFSLEDRWGKYRRMLKRALKNKNKAE
>sp|Q58503|RELE3_METJA
MKVLFAKTFVKDLKHVPGHIRKRIKLIIEECQNSNSLNDLKLDIKKIKGYHNYYRIRVGNYRIGIEVNGDTIIFRRVLHRKSIYDYFP
>sp|Q58152|Y742_METJA
MKNEVFFGEGMKVVKEKYPDLYDIIVKLNDTVFTGKTLDYKTQKLIAIGIVASRCDEVAIEKQMKSAMKELGITKEEIADVLRVVLLTSGMPAFTKAMKILEKL
>sp|Q8U3V0|Y355_PYRFU
MPLPPDITFDSLALIKMHSQSMKKILEITLAKFTVNLSIVTVYRYLTVRAYLKKNIELELDVLKDIYNIVPLNEEIAIKAAQIEADLMRKGMMPDIEDVLTAATAIYTKSLLITDDSKRYEPMRRFGLDTMPLDKFVKEVELMVEKELI
>sp|Q8U217|RL21_PYRFU
MVQKAHSFRRKTRKKLSKHPRRRGLPPLTRFLQEFEVGQRVHIVIEPSYHKGMPDPRFHGRTGTVVGKRGEAYIVEIKDGSKVKTLFIHPVHLRPQK
>sp|Q980V5|RL40_SACS2
MPLTDPAKLQIVQQRVFLKKVCRKCGALNPIRATKCRRCHSTNLRLKKKELPTKKG
>sp|Q980W3|RS8E_SACS2
MGFYQGPDNRKITGGLKGKHRDKRKYEIGNPPTFTTLSAEDIRIKDRTLGGNFKVRLKYTTTANVLDPATNTAKKVKILEILETPANKELARRGIIIRGAKIRTEAGLAVVTSRPGQDGVINAVLLKNESQRS
>sp|P81552|S7C4_SACS2
MAVEEIVKVSRNYQVTIPAKVRQKFQIKEGDLVKVTFDESGGVVKIQLLDSKTDAH
>sp|Q9X2I1|ECFT_THEMA
MRLPTVLIGRYIPVDSIVHRLDPRAKLLGMIFLISAVLIVPNLLFYLVPGLAIFLLMFLSRTGFKIYLAGLRSLWFFLVFAVLVQFFSSSEGEKIFWMITDRAIWSAVYIMLRLVLIILLAENFSATTPPLLSARAIESIFSTFGARKIGHEIGMVMTIAMRFVPVLALEADRILKAQIARGANFERGKFFDRIRALVVIIVPLLISALRKAEELAVAMEARLYTGEPPKTRFKDIKWKPMDTLYVLLTAGVLVLVLFGRYFVDGVFQYGS
>sp|Q9X1G6|RIBU_THEMA
MSSIKKISFVGIFSALATLVMFLEFPIFPQASFLKYDPSEIPALIVSFLLGPGVGMFVVLVKDILFFLMKSGDPVGIAMNAVLGMSFVGIAGLIYHRNKSRATAIKGMIVATLFATAFALGLNALIVPLYFEAPFELYLKFFPFILAFNLVKFGIDSVVTFFVYKKVSSILKLETVEGRSNNG
>sp|Q9WYU9|SECG_THEMA
MKTFFLIVHTIISVALIYMVQVQMSKFSELGGASEVEDFTPFLEEEKASTPVERSLLSCLYSFSFPA
