sequence,label
KKIHLYTDGGCRGNGKETENLGAIGGVLIYPEKNIEKEYKRAYENTTNNQMELLAVIEGLKMLKEPCEVHVYSDSAYVVNAYLQNWIGGWKAKNWTRGKAGALKNKELWMELDGLVNSHTVTFHKVKGHAENPYNNKADLLVNQAMDAYKIN,non-thermophile
MKDVQVYTDGACSGNPGPGGWGAVLFYGTSRKEISGGEPMTTNNRMEIAAVIQALGLLKEPCKVSVYSDSAYVVNCFNQNWIRGWMRNGWKNSKNQPVENQDLWKSLWELMQKHQVTYIKVKGHSDNEWNNRCDELAREAIKRLS,non-thermophile
MITEIMKQVEIFTDGSCLGNPGPGGYGIVMRYKGTEKTFSGGFNQTTNNRMEMLAAVVALRNLKEPCIVVLTTDSQYVRQGITQWIHGWKKRGWKKADKKPVVNADLWKQLDAEAERHTVDWRWVKGHAGHRENEMCDDLARTAAENPTQDDTGYPG,non-thermophile
MAQKYYVVWEGREIGIFTTWAQCKAQVDKFAGARYKSFPSLVEAESAFGHKSSIQSSAAKTAKAPSKSKKTPLTQKQITDMLFDIKIFTDGASVPNPGEAGAGIAIYENNKISELWYGIYQAVGTNNTAELNGLHQAFILAKEKMAKGHSVAIYCDSTYAIQSITQWAEGWSKKGWTKAGGEIKNLDIIKPMYALYQEIASKVEIYHVNGHVGIEGNELADRMSIVAIESKDASLTLYRETTDIAKILALRAG,non-thermophile
MITEIMKQVEIFTDGSCLGNPGPGGYGIVMRYKGTEKTFAEGFNQTTNNRMEMLAAVIALRNLKEPCSVILTTDSQYVRQGITQWIHGWKKRGWIKADKKPVVNADLWKKLDTEAERHKIDWRWVKGHAGHRENEMCDELARTAAENPTQDDTGYPG,non-thermophile
MQKTVEIYTDGSCLGNPGPGGYGVYLSYQGHEKEMSAGYKLTTNNRMEMLAAIVALETLKRPCDIILYTDSQYVKQGIESWLENWKKRNWKTAAKQPVKNVDLWQRLDAATSRHTIQWRWVKGHAGNKYNELVDDLAREAASGSNLLIDEGYEASV,non-thermophile
MSKKKKYYTVWKGHKPGVYNTWNACKAQTKDYPSAVYKSFPSLEAATHALNSNPKDFIGNKSFTSGLTSEQLKKIGRPNYNSISVDAASSGNPGIMEYRGVDTKTKKQIFIQGPFQQGTNNIGEFLAIVHGLALLKKNNSNLLIYTDSRTAMSWVKKKNCNTKLERTDKNKDVFNLIDRAVSWLKNNDYQTTIVKWETKAWGEIPADFGRK,non-thermophile
MSLKIEIYTDGACSGNPGRGGFGIVMKVPEKNYEKRYSQGFRLTTNNRMELLAVITALEKLKSTENDIHIYTDSKYVSDAINQKWIFGWIKKGFKNVKNPDLWRRMVPLLKEYQTTFHWVKGHAGHLENEICDQLAVKAAQTEPLLIDEFFENQQKGGLF,non-thermophile
MSDHFIAAPYVTNHNATDPLAAKTDATVAYADGACKGNPGAGGWGAHLIFSNGQTQDLYGGDSETTNNRMELMGAIQALNHSPRELKLEIWTDSSYVKKGITEWIEGWKKRGWKTASKKPVANQDLWQQLDELCQARDVDWYWVKGHAGHAGNEKADELANLGVTSNSGHAIVNNEQSPVATNDNVSENINDSIRKKKVSLMSDKTEILSDDDWLTNDILGFDMLDDDSDEEFSAEPHDTILTELSLIESNHQPNNATPPMSAHIMTADSLIIDHRESDVSVDLPKFDGDTSRANPHFRPLLPKPIHRHEANRQLIMDTETTGLDPLKGDRVIEVGIVEMIGRKFTGEKLHVYINPQRGMDEVVIRIHGISEAFLADKPTFDQVAQPLYEFMDGAEIIAHNASFDMSFLSMEFSKVGITDFAQRVQVTDSLVMAKQQYPGQKNTLDALVRRLNVGKQDRTFHGALLDSEILAEVYLAMTGGQVSLAIEEEG,non-thermophile
MKKITLFSDGSALGNPGPGGYGVILRYGDSEKELSGSELHTTNNRMELKGAIEGLRALKEPCEVDIISDSSYVVKGINEWLKNWIKRDFKKVKNPDLWKEYIEVAKPHKIHAIWVRGHDGHEENERCDILAKEAAQKAKVALTEGG,non-thermophile
MKKITLFSDGSALGNPGPGGYGVILRFGDKEREISGAEEHTTNNRMELLGVIEGLRALREPCAVDIVSDSSYVVKGINEWLGSWIKKDFKNIKNPDLWREYIAVSKGHKINAIWVRGHDGHVENERCDILAKNEALKIKEAKK,non-thermophile
MLYVDRIKPTFFLFTDASANPQTNIGYGAYLLLAEYEFNTPYPQDKILIRRFINTTSSKLELQSLIWALGKIKFKKRKIIIYTDSQNIISLLARKEKLIKNGFMNKKEELLKNHKLYKRFYKLLTCNDCDLIKVKGHKKSEDKDSIDKLFTLVDRASRDALRAELRKKSHKI,non-thermophile
MKKITLFSDGSALGNPGPGGYGVILRYDDKEREIVGSEVHTTNNRMELLGVIEGLRALSEKCEVDIISDSSYVVKGINEWLANWIKKDFKKVKNPDLWRDYIEVSQGHKINAIWVRGHDGHEENERCDKLARDEAEKIKASL,non-thermophile
MQTTSHKPTLYLFTDASVNPQAKIGFGAYILLDEEKISSAMFSKDDVKSRKFENTSSTKLELETLLWALNDIPLQNNKIIIFTDCQNIIGLNDRRERFEKNNYLTSKNKLIKNHELYKEFFKITDTADCDLIKVKGHKKHKDKDMIDNIFTLVDKASRDALREAVL,non-thermophile
MQIVTKKLLKLGVDEGKEINESQLVLLDLKEDEKSEWRALSLNKQLSDARAELFILLNGVEDKEIQDKIIFNYKALQKFRKEENDKELEVEVKIQMPTSESGNVTIYCDGGCTPNPGKAGSGVAVYRNDTLSELWYGLYEEMGTNNTAELGALYESLLLAQKEAVNGNTVEIKCDSMYSINCIKTWAISWEKKGWTKKGGEIKNLEIIKLSYHLYNSIKNDVTLSHIKAHSGFEGNELADRMTMYTILEKSESFVKYDKEIVVADILNMRAG,non-thermophile
MSLKIEIFTDGACSGNPGPGGYGIVMKVPEKNYEKRYSQGFRLTTNNRMELLAVITALEKIKSTENDIHIYTDSKYVVDAIQKKWLQSWVKIGFKNKKNPDLWKRMIPLLKDFKTTFHWIKGHAGHLENEICDQLAVKAAQTEPLQIDEFFENQQNGGLF,non-thermophile
MTATEDNRVEIYTDGACSGNPGPGGWGAILRFRGVEKEMSGGDPETTNNRMEMMAAISALEALKRPCIVDIYTDSSYVRDGITKWIWGWQKRGWKTADKKPVKNVELWQRLLDALKPHKVEWHWVKGHAGHPENERCDELARQAVPK,non-thermophile
MNHVEIHTDGACKGNPGPGGWGVRLQSGKHVHELFGGELGTTNNRMEMTAVIEGLMALKRPCQVTLYLDSEYVRKGITEWIHGWKARGWRTAAKQPVKNADLWQKLDSVVSSSGHQIDWRWVKGHNGDPGNERADALANLGVDKALGR,non-thermophile
MKKIQLFTDGSCLGNPGPGGYGAVMIYNEHCKELSEGFLLTTNNRMEMLACIKALQSLTEPCEVELTTDSQYVRQGITLWIHNWKKRGWKTAAKAPVKNVDLWKALDAAQEKHKVAWHWVKGHSGHPENERCDDLARRAAENNPTQEDIGYEG,non-thermophile
MKKIEIYTDGSCLGNPGPGGYGVVLIFNKHRKELAEGYVRTTNNRMEMLACIKGLQSLTERCEVDLTTDSQYVRQGITLWIHNWKKRGWKTASKAPVKNVDLWKALDLAQEKHTVHWHWVKGHSGHPENECCDDLARNAAENDAHQDDVGYKG,non-thermophile
MLKPLSIFTDGSCLGNPGPGGYGVVMQYKSRIKELSDGFLLTTNNRMELLAPIIALEALKVPCKIVLTSDSQYMRQGITQWIHAWKKKGWQTAAKQPVKNVDLWKRLDAATASHEIEWRWVKGHAGHVENERCDTLARVAAEAKPTQEDIGYPV,non-thermophile
MAKKFYVVWVGRETGVFTTWDAAKRQVDKFPKAKYKSFKTKAEADAAFSAGSPRTYVAKSSSSSSASKSNQAPTAKTSASNADYDVVIYTDGGCEPNPGKAGSGVAVYKDNELSELWYGLYNSHGTNNSAELNALHQALLIAQENLAAGKSAHIRSDSQYSINCITNWAYGWKTKGWKRKTAGDIKNLDIIQASHALYDELKEKLVISHVAAHIGIEGNELADRMSIYAIDKKDAEFCRYPEPIVLAEILSLRTG,non-thermophile
MAKKFYVVWAGRETGIFTSWDVTKRSVDKYPQAKYKSFATEAEAKVAFAKSPASSIGKSVPAKAAGRSSTKAAGAGTSTKTLSANQAVLSQFDVVIYTDGGCEPNPGKAGSGMAIYRKGELAELWFGLFNPNGTNNTAELNALHQALIKAKKVLDAGETVQIMSDSQYSIKCVCEWAYGWKAKNWTRKTGEIANLEIIKQAHELYDAMKDDLVLQHVAAHIGIEGNELADRMSIHAIDLQHKGFSQFTAPLDISKILALRTG,non-thermophile
MAKKFYVVWAGRETGIFTSWDVTKRSVDKYPQAKYKSFATEAEAKVAFAKSPASSIGKSVPAKAAGRSSTKAAGAGTSTKTLSANQAVLSQFDVVIYTDGGCEPNPGKAGSGMAIYRKGELAELWFGLFNPNGTNNTAELNALHQALIVAKKVLDAGETVQIMSDSQYSIKCVCEWAYGWKAKNWTRKTGEIANLEIIKQAHELYDAMKDDLVLQHVAAHIGIEGNELADRMSIHAIDQQHKEFSQFTAPLDISKILALRTG,non-thermophile
MAELKQLYIFTDGSCLGNPGPGGYGVVMKYKHQQHEIADGFSLTTNNRMELLAPIIALETLYEPCNIILTSDSQYMRQGIMTWIHGWKKKGWITSTKQPVKNVDLWKRLDAVSQLHKIDWHWVKGHAGHIENERCDVLARKAAEAKPQQVDTGYNPE,non-thermophile
MAELKQLYIFTDGSCLGNPGPGGYGVVMKYKHQQHEIADGFSLTTNNRMELLAPIIALETLYEPCNIILTSDSQYMRQGIMTWIHGWKKKGWITSTKQPVKNVDLWKRLDAVSQLHKIDWHWVKGHAGHIENERCDVLARKAAEAKPQQVDTGYNPE,non-thermophile
MAKKYYVVWAGRETGIFTSWDYTKKLVDKFPQAKYKSFPSEAEAKAAFAKAPSYNSGTKKPAAGAAKAKTAAKASLDIDLSRCDLSIFTDGGCEPNPGKAGSGIAVYHKAELTQLWYGLYNANGTNNSAELNALHQALLIADKALKQGLTVQILSDSQYSINCITNWAYGWKTKGWKRKTAGDIKNLDIIQQSHELYDGLKEKLNIQHVAAHVGIEGNELADRMSIYAIDQKDSEFCRYPDPIVLNDILSLRAG,non-thermophile
MTGLKQISIYTDGSCLGNPGPGGYGIVLKYKKQTKELADGFALTTNNRMELLAPIVALEVLKVPCQVILTSDSQYMRQGITQWIHGWKRKGWLTSAGQPVKNVDLWKRLDTVSQRHQIDWRWVKGHAGHTENERCDDLARQAAEAKPSQEDSGYINQQAQA,non-thermophile
MSKKFYVIWKGAKTGIFTTWPEVQQHTAGRSDAQFMGFESKSAAEQAFATTYTKALMQRSLSKKGSTRSAPTSTRSATSKKTSKSTSTNATAISPNGPSDIEIYCDGACSPNPGKSGTGLAVYESGKVTSLYYGLYLPNGTNNTAELSGMLSAFQIAQHFIDKDSEQSICILSDSKYSIDSITKWAKGWQAKGWTRGKGEEIKNLALVQQCYALYKTMHSKITIRHVKGHANIEGNELADRMAVLARKQQQVNMIRYNETINIKAILAMESG,non-thermophile
MSKKFYVIWKGAKTGVFTTWPEVQQHTAGRSDAQYMGFESKAAAEQAFTSTYTKALMQRSLSKKGGTSAAPTSSRKTSSKSASKSTGAKNATISANGPRDIEIYCDGACSPNPGKSGTGLAVYELGKVTSLYYGLYQANGTNNTAELNGLLSSFQIAQHFIDKDSEKSICILSDSKYSIDCITKWAKGWQAKGWTRGKGEEIKNLALVQQCYALYKTIHTKITIRHVKGHANIEGNELSDRMAVLARVKRQEAMIRYSETLDIKSILAMQSG,non-thermophile
MSKKFYVIWKGAKTGIFTTWPEVQQHTAGRSDAQYMGFESKSAAEQAFATTYTKALMQRSLSKKGTASSAPTSSRTATSKKTSKSASAKTTAVSPNGPSDIEIYCDGACSPNPGKSGTGLAVYELGKVTSLYYGLYLPNGTNNTAELSGMLSAFQIAQHFIDKNSEQSICILSDSKYSIDSITKWAKGWKAKGWTRGKGEEIKNLALIQQCYALYKTMHTKITIRHVKGHANIEGNELADRMAVLARKQQQVNMIRYSETINIKAILAMDSG,non-thermophile
MSKKFYVIWKGAKTGIFTTWPEVQQHTAGRSDAQYMGFESKGAAEQAFAATYTKALMQRSLNNKGTASTAPNSSRKASSSKGTRAKTATVSPNGPSDIEIYCDGACSPNPGKSGTGIAVYEQGKVTSLYYGLYEKNGTNNTAELNGLLSSFQLAQHFIDKDKEQSICILSDSKYSIDCITKWAKGWQAKGWTRGKGEEVKNLALVQQCYALYKTMHTKITIRHVKAHANIEGNELADRMAVLARKQHQETMIRYSEVIDIKALLALQSG,non-thermophile
MNYQVHIYTDGAAKGNPGPGGYGVVMELVGTAFKKEFYEGFRHTTNNRMELLAVIVGLEKLKNPNMKVLVVSDSKYVVDSVEKKWVLGWEKKGFKDRKNSDLWKRLLIIYRKHQVDFKWIKGHNSHPQNERCDQLAVFASNQKTLSVDAFYEKEEAKLL,non-thermophile
MNYQVHIYTDGAAKGNPGPGGYGVVMELVGTAFKKEFYEGFRHTTNNRMELLAVIVGLEKLKNPNMKVLVVSDSKYVVDSVEKKWVLGWEKKGFKDRKNSDLWKRLLIIYRKHQVDFKWIKGHNSHPQNERCDQLAVFASNQKTLSVDAFYEKEEAKLL,non-thermophile
MHTVHIYTDGAAKGNPGPGGYGVVMELVGQSYRKEFYEGFRLTTNNRMELLAVIVGLEKLKTPGTSVLVISDSKYVVDSVSKGWVFGWEKKGYKDKKNPDLWKRFLIIYRQHKVDFKWIKGHNNHPQNERCDQLAVMASTQPQLNIDAYYENIGRHAQ,non-thermophile
MNHEVHIYTDGAAKGNPGNGGYGVVMELVGTPHKKEFYEGFRLTTNNRMELLAVIVGLEKLKNQNMKVLVISDSKYVVDSVEKKWVLGWEKKKFAGRKNPDLWKRFLVVYRKHQVDFKWIKGHNNHPQNERCDQLAVMASMQPKLSIDEYYETIGSKE,non-thermophile
MSHQIHIYTDGAAKGNPGPGGYGVVMELVGQAYRKEFYEGFRLTTNNRMELLAVIVGLEKLKAPGMSVLVVSDSKYVVDSVEKKWVLGWEKKGFVGRKNPDLWKRFLKIYRQHKVDFKWIKGHNNHPQNERCDQLAVMASMQPVLNIDAFYEQEGRHI,non-thermophile
MAHTVHIYTDGAAKGNPGPGGYGVVMELVGQPYRKEFYEGFRLTTNNRMELLAVIVGLEKLKTPGTSVLVVSDSKYVVDSVVKNWVFGWEKKGFVGKKNPDLWKRFLKIYRQHKVDFKWVKGHNSHPQNERCDQLAVMASTLPNLNVDAFYEDVGSKMV,non-thermophile
MTIVASADGSALGNPGPAGWAWYVDDERWAAGGWPRATNNIGELTAVLELLRATEGESEPLHILCDSQYAIKACTEWLAGWKRKGWRKADGKPVLNVEIIKQLDEALQGRVVTFEWVKGHANHPMNEAADTRARAASTAYQNRTAVPSGPGWPGAAASTPVEPVLAEDTAPPALF,non-thermophile
MVSGFHSGVHVRLKFFLKRILSNMTKQVEVFTDGSCLGNPGPGGYGTVLRYKQHEKELSEGFFMTTNNRMELLAAIVGLSNLKEACHVELTTDSQYVRQGITQWIHNWKKRGWQTADKRPVKNADLWQRLDAETQRHIVVNWHWVKGHAGHIENERCDVLARNAAEKPTQDDTGYNPEP,non-thermophile
MAKKFYVVWAGRETGVFTSWPYTKKLVDKFPQARYKSFPTEQEAEAAFASGRVSTPRSSVKKTASKPSASLAPKTSNFEVNIYCDGACDPNPGKSGSGVAVYRDGALAELWYGLYNPMGTNNTAELNALHQSLLIAKQEIEKGLRVQVLADSQYAINCLTLWAYSWKTKGWKRKVAGDIKNLELIQQAHALYDTIKNRVVVSHVKAHIGVEGNELADRMSVYGADQEQYDFCQYSDALDIEKILNYKRG,non-thermophile
MTKQVEVFTDGSCLGNPGPGGYGTVLRYKQHEKELSEGFFMTTNNRMELLAAIVGLSNLKEACHVELTTDSQYVRQGITQWIHNWKKRGWKTADKRPVKNADLWQRLDAETQRHIVVNWHWVKGHAGHIENERCDVLARNAAEEPTQDDTGYNPEP,non-thermophile
MAKKFYVVWAGRETGVFTSWPYTKKLVDKFPQARYKSFPTEQEAEAAFASGRVSTPRSSVKKTASKPSESLAPKTANFEVNIYCDGACDPNPGKSGSGVAVYRDGALAELWYGLYNPIGTNNTAELNALHQSLLIAKQEIEKGLRVQVLADSQYAINCLTLWAYSWKTKGWKRKVAGDIKNLELIQQAHALYDTIKNRVVVSHVKAHIGVEGNELADRMSVYGADQEQYDFCQYSDALDIEQVLNYKRG,non-thermophile
MIKMAKNFYAVYKGRKTGIFTKWPDVAKLVNGFDGARYKGFETRDEAQNWMDDGAPKPTSVNGKKSSKTTRNSVVLTPDSIQVWTDGGSRNHGNVKGGHVLNEDTAAWAFYIKTPGETFSGTDGEKGKTNNYMEITAFLQAIKKLIDLGLREEHIVFILDSKYVLNAIEKKWLAGWQRRDWKKADGQTVLNVELWQQVAELLPALTHVDFEWTKGHADNEGNNKVDELLNETMDQM,non-thermophile
MEIYTDGACKGNPGVGGWGAWLRYSGHEKELCGGEKLTTNNRMELTAVIRALEALSRPCIVRLHTDSKYVQKGISEWIHAWKLRGWRTADKKPVKNDDLWRQLDVLAAQHEIEWLWIKGHAGHEGNERADRLANQGVEELRG,non-thermophile
MAKKQKFYVVWFGNPAGIFGSWEECKRSIHGVAGAQYKSFETFDEAKKAYNKNYADFKGKTVKKTLSKEQLQKIGEPNLYSIAVDAASSGNPGKMEYRGVDTQTHKQLFHQGPFQQGTNNIGEFLALVHGLAFLQKKASDRILYTDSRIAVGWVEKKKCNTKLKQSAKNKTLFELVARAENWLKTNKYETKIVKWETKAWGEIPADFGRK,non-thermophile
MHGLKQLLIFTDGSCLGNPGPGGYGVVMKYKAHVKELSGGFALTTNNRMELLAPIMALEALKEPCQIILTSDSQYMRQGITQWIHGWKKRGWLTAAKEPVKNVDLWQRLDAATSTHKIDWRWVKGHAGHIENERCDTLAREAAEAGPSEVDTGYQAKG,non-thermophile
MAKKFYVVWQGRETGIFTTWDQTKKLVDKFPGARYKSFPSQAEAEAAFGKGATSTLARKTSPKPASTLKKASAPENTTKYDVEIYTDGGCEPNPGKAGSGIAVYRNGELSELWYGLYNAFGTNNTAELNALHQALLIAQDNLKQGKSVHILSDSQYSINCITNWAYGWKQKGWKRKTAGDIKNLEIIQISHAIYEEIKEKLQISHVAAHVGIEGNELADRMSIYAIDRKDTQFCRYPEPIELASILSLRAG,non-thermophile
MMGMKQLSIFTDGSCLGNPGPGGYGVVMKYKQHTKEIADGFLLTTNNRMELLAPIIALEALKVPCKIVLTSDSQYMRQGITQWIHGWKKKGWITSSKQPVKNVDLWKRLDLASKGHEIDWRWVKGHAGHVENERCDTLAREAAEAKPKQEDIGYQA,non-thermophile
MSKKKKKYYTVWKGHRTGVFESWKDCKAQIKDYPSAVYKSFDTFDAAKKALNSNYKDYIGKKKGFKSELSDVQLKKIGLPNYNSISVDAASSGNPGIMEYRGVDTKSKKQLFIQGPFPEGTNNIGEFLALVHGLAFLKQHKSERILYTDSKIAMSWVRKKTCNTKLPRNAKNENLFVLVERAVNWLKENSYTTTVVKWETKAWGEIPADFGRK,non-thermophile
MNEHQVHIYTDGAAKGNPGKGGYGVVMEWVGKPYKKEFYEGFRHTTNNRMELLAVIVGLEKLKHPKTSVLVISDSKYVVDAVEKRWVFGWEKKGYAGKKNPDLWKRFMKIYRTHQVDFKWIKGHNNHPQNERCDALAVMASGLPQLSVDQVYEQDGEQDPLEF,non-thermophile
MPYQVHIYTDGAAKGNPGPGGYGVVMELVGTLYKKEFFEGFRLTTNNRMELLAAIVGLEKLKQPNMKVLIISDSKYVVDAVEKKWVIGWEKTGFKGKKNPDLWQRFLKIYRQHQVDFQWVKGHNNHPQNERCDQLAVMASQLKALSVDLFYEEENDK,non-thermophile
MSYQVHIYTDGAAKGNPGPGGYGLVMELVGSSYKKEFYEGFRLTTNNRMELLAVIVGLEKLKQPNQRVLVVSDSKYVVDAVEKNWVIGWEKTGFKGKKNPDLWVRFLKVYRQHQVDFKWIKGHNNHPQNERCDQLAVMASQLKTLSIDRFYEGESNKLV,non-thermophile
MQPLSLFTDGSVNTQIGVGYGAYLLISLAHSPLKELQKQIKVQRFEQTSSTQLELQTLLWALGEITELGCTNDIELTVYTDSQNIICLPQRRASLERNDYYSSKNKRLSHYLLYQALYRLTDNIKCDFVKVAGHQPSRDKDEIAQRFALVDKAARRSLREAFR,non-thermophile
MKHIEIYTDGSCLGNPGPGGYGAVLLFNQHSKELSQGFVHTTNNRMELLATIEALASLTETCKVDLTTDSQYVKNGINQWIKNWRKNGWRTSDKKPVKNVDLWKRLDEQVGRHDVKWHWVKGHSGHPMNERCDVLARDAASGKSLLPDEGFQG,non-thermophile
MTITAAADGSALNNPGPAGWAWYIDEQTWRAGGWPHGTNNQGELMAVLDLFRATAHLPAEPLHILCDSQYVINCVTKWMPGWKRKGWRKADGKPVLNVEMLKEIDAALVRRTYQFEWVKGHAGHDLNEAADSKARAASTAYQNGAPPNSGPGFPCQTIPAESSSSPVVIVEEPDLFSILDDEPVEPDATTLLQGYDAELFGADISRAAVLLADEFEEVGVNGRIWDRFASTPDEATAPRRLEAASASIEGDIAVMIYRLDIQGSPAVQSSLWLRRTGQWRLRLRQTTLET,non-thermophile
MAQKTIHIFTDGSCLGNPGPGGYGAVLVYNSHRKELSGGFAHTTNNRMELMAPIEALNSLTEPCNVELTTDSQYVKNGINQWIHNWRKNGWRTSDKKAVKNADLWKRLDEAVSKHKINWHWVKGHSGHPENERCDDLARGAAEAKPTTPDSGFIG,non-thermophile
MEQVHIYTDGSSRGNPGPGGYGIVMIWVGKKYKKEFSQGYRRTTNNRMELLAVIEALEKIKMDHVQITVFTDSKYVSDAVNKNWIAGWIKRKWKNVKNPDLWKRFIKAFNRTQPKMQWVKGHNDHPINERCDALAVGAALNKSNHLVDEGFENQEQKLL,non-thermophile
MEQVHIYTDGSSRGNPGPGGYGIVMIWVGKKYKKEFSQGYRRTTNNRMELLAVIEALEKIKMDQVQITVFTDSKYVSDAVNKNWIAGWIKRKWKNVKNPDLWKRFIKAFNRTQPKMQWVKGHNDHPINERCDALAVGAALNKSNHLVDEGFEASEKGLF,non-thermophile
MKYKIDLYTRVKIDTSSDAKAYANMLCIGDQCKTFAEGFIENSQSRISLMAIVKGLEQIKEGAEVTIYVTSKYVMNTFEKGWILNWKYNDWLKADGEPPLNVDLWMRFAVQMERHKLTFNYVSNYKKYPQLVECKDIGAAMLLQPNLLIDEVYRAYLEELQYKLHDLINEHRVAEIEVVLDTIEEPEEVIVYEPVYEVLDEIEDEHEEEEEETEESQSHTRPTVFTRMPSDIKLLVTIRDQLNQYFVDQPTKVELRSTDLYDEIRKNKTLKERFPHPVLFNRFLRKQHQEGVLKQIIPNCKIDTFNTDFYQWYFHR,non-thermophile
MNLPQVILYTDGSSRGNPGPGGYGLILEWAGHNVYKEASQGYRKTTNNRMELLAVIVGLEMLKNEGTNVLVVSDSKYVVDAVEKRWVFGWEKKAFKDKKNPDLWQRFLKVYRKHNVQFKWVKGHNNHPMNERCDVLAVKAATGTKLLIDEYYESEEN,non-thermophile
MDSSSASATVATPSRKLPLPGPGLLRLRPAFVEVGARHGITAAVKFRGGRCVWVVTRTQGPDVVDMHIGSTLVPRIKDHCGGQLAEILAAIKSLQSTVEVPVYADTLAGLLEAAGVTVSPLYAPGAATAAIENAVPEHLESLLTNLVIATDASKGSRSSWRGHGWVMDFGLGSPLILGLRASQHGNILAAELHSIHLGLLAARSRFSGTLDGRCAVTVLSDNQTAVNVLANPSSLPSGLNAACRAEVAGIRALTQKSLVAFQWVKGHGSNDLNNTADRLAVLARRAKEAELTSSQRNVLLCSIQESVLGLAGQGSLALAA,non-thermophile
MTIIAAADGSALGNPGPAGWAWYVDDNCWRAGGWPHGTNNMGELMAVLDLFKSTAHVPEEPLHILCDSQYVINSVTKWMPGWKRKGWRKSDGKPVLNLELLKEIDAALVGRKYTFEWVKGHAGHDLNEAADDRARDAATAYQAKRAPNAGPGFPGAQASDSAQTSDSAQTASGSQTANGTMSSAASQKYDAGTSTSLQSAPAPVRDLVPAAFGEPALFGDQDQPDLFSVLDDEPDPSFAPGPATGIEAVIEQERELLDPQVRSDPFRVAELLHPDFEEIGSSGRVWTRTETMQMLSEAQSAAIDMEVMALTQLDTSTALLRYRSSSEGRSVLRSSLWSLDGKQWRLRFHQGTLEA,non-thermophile
MTIIAAADGSALGNPGPAGWAWYVDENCWRAGGWPHGTNNMGELMAVLDLFKSTAHLPREPLHILCDSQYVINSVTKWMPGWKRKGWKKSDGKPVLNLELLKEIDAALVGRKYTFEWVKGHAGHELNEAADVRARDAATAFQAKRAPREGPGFPGADTARAGASASAAAPVPPRETPASPGVTPTAQALFLLPDEPQQLDLFFGVDDEPDPAYNSVPDDGLKILVNLERELMDPEFRTDASKLAMLLHKDFTEVGASGRSWTREEAITALGGDQPADATLEVLTLDLVDAETALLTYRSVEPRGSVLRSSLWRRDSGRWQLRFHQGTPEA,non-thermophile
MSKKHYVVWKGVKTGVFDNWSETKAQIDGRSDAQYMGFPSKEEADQAFASTYTRALMKRSLAKEGPTGSGVKPKATRPAGASKSILSTPPQVADLNIYCDGACSPNPGKSGTGMAVYEKDKLAQLWYGLYEANGTNNSAELNGLLVAFRFAASHIEQGKTVQVLSDSRYSIDCITKWAKGWKNKGWKRGKNEEIKNLAIIQQCFSLYEQLKSNLIINHVKGHANIEGNELSDRMAVLARSQQEPKLVQYTASINVADILAMPSG,non-thermophile
MSKKHYVVWKGVKTGIFDNWSETKAQIDGRSDAQYMGFPSKEEADQAFASTYTRALMKRSLAKEGTTGSGVKPKATRPAGASKSILSTPPQVADLNIYCDGACSPNPGKSGTGMAVYEKDKLTQLWYGLYEANGTNNSAELNGLLVAFRFAVSHIEQGKTVQVLSDSRYSIDCITKWAKGWKNKGWKRGKNEEIKNLAIIQQCFSLYEQLKSNLIISHVKGHANIEGNELSDRMAVLARSQQEPKLVQYTTSINIAEILAMPSG,non-thermophile
MIEIYTDGAASGNPGPGGYGVILRSGSHYKELSGGFRMTTNNRMELLAVIEGLNAIKQPGAQVTIYSDSKYVVDSVEKKWVFGWVKKGFKDKKNKDLWIRYLAVHKLHDIKFIWIKGHNDHPENERCDVLAVAASKDRAAQQIDTEFEAEKNRATLL,non-thermophile
MPELFAYTDGACSGNPGPGGWGVLLQAKEGDRLVKERALKGGEAHTTNNRMELLAAINALESLSRASTITVVTDSNYVKNGITGWIHGWKRNGWKNAAKKPVANAELWQRLDEANARHDVTWKWVKGHAGHAENERADELARAGMAPFKP,non-thermophile
MPELFAYTDGACSGNPGPGGWGVLLQAKEGDRLVKERALKGGEAHTTNNRMELLAAINALESLSRASTITIVTDSNYVKNGITGWIHGWKRNGWKNAAKKPVANAELWQRLDEANARHDVTWKWVKGHAGHAENERADELARAGMAPFKP,non-thermophile
MPERNPERTHVILYTDGACKGNPGPGGWGCILMSGLHEKELYGYEPQTTNNRMELMAAIAGLEALKKPCDVKLYIDSQYVLKGMTEWIKGWKARGWKTADKKPVKNDDLWIRLDAACQPHKIKWIWVKGHAGNPLNERADELANKGIEEARARA,non-thermophile
MILTIYTDGACHPPSQTGAWAALIFAANNEEDTLLQGIVTHTTHQRMELTAAIEALYYAEKKAMPLSTVALYTDSQYVADLPTRRKKIVQGNFITKKGNLRQNTDLLQVFFGLLDRVEVELYKVKAHQKQGDLPNHNRRVDKWVRKVLREHLRS,non-thermophile
MPDLFAYTDGACSGNPGPGGWGAVLIARDGDAVVKERNLKGGEAHTTNNRMELLAAINALEALVGPSTLTVVTDSSYVKDGITKWIYGWKAKGWKKKGGEIKNIDLWQRLDAARDRHDVTWKWVKGHAGHPENERADELARAGMAPFKR,non-thermophile
MAKKFYVIWVGREPGIYTDWPTAQKQIMKFSGAKYKSFPTKAEADAAFSGGSVSSDAGAGSKPRGSSSKTSRGNNLSAPPIKTDVVIYCDGGCDPNPGKAGSGVAVYQDDQLIQLWYGVYNPNGTNNTAELSALFYSLQLAQHATKQGLSAQILCDSMYSIQCIRDWAAGWEKNGWKKKTGEIKNLDIIKQAYALYNEIKETVLLSHVKAHAGTEGNELADRMTMVAVERKDPAWVQYEQDSNNGFNIPALLKMRAG,non-thermophile
MKSYDVHIYTDGAAKGNPGKGGYGVVMETVVDGKSFRKEFYEGFRLTTNNRMELLAVIVGLEKLKNLNTRVLVVSDSKYVVDSVEKKWVLGWEKKGFVDRKNSDLWKRFLVIYRKHKVDFKWIKGHNNHMQNERCDELAVMASMQKALGVDEFYEKEVGKLL,non-thermophile
MTQYEVHIYTDGAAKGNPGNGGYGVVMELVGTPHKKEFYEGFRLTTNNRMELLAVIVGLEKLKKPNMKVLVVSDSKYVIDSVVKKWVFGWEKKNYAGKKNPDLWKRFLIIYRKHQVDFKWIKGHNNHPQNERCDELAVMAAMQKNLSIDVYYETIGSKS,non-thermophile
MADLYAYTDGACSGNPGPGGWGALLIARDGDKVVKERALSGGEADTTNNRMELLAAISALETLGRATAITIVTDSAYVKDGITSWIHGWKRRGWKTSANKPVKNEDLWRRLDSAVAQHQVRWEWVKGHAGHVENERADELARAGMAPYKP,non-thermophile
MAELFAYTDGACSGNPGPGGWGALLRAMDGDTVIKEKELKGGEAETTNNRMELLAAIHALESLARPSTITVVTDSAYVKNGVTGWIHGWKRNGWKTASKKPVKNVELWQRLDEAQRRHTVTWEWVKGHAGHPENERADELARAGMAPFKQGKAK,non-thermophile
MSDSVEMFTDGACKGNPGPGGWGALLVCQGVEKELWGGEPNTTNNRMELMAAIRGLEELKRPCEVLLVTDSQYVMKGITEWMVNWKKRGWKTAAKEPVKNADLWKLLDEQVSRHTVKWQWVRGHIGHYGNERADQLANRGVDEMRGIKHA,non-thermophile
MSDNHSSAQPFNKNNAINPLTAKPNTTVAYTDGACKGNPGAGGWGAHLIFSDGLTQDLYGGDKETTNNRMELMGAIQALTHSPLTQKLEIWTDSSYVKKGITEWIEGWKKRGWKTASKKPVANQDLWQQLDKLCQQRDVDWHWVKGHAGHAGNEKADELANLGVTSSSSEGLSTTHAQDISKKKQPIMPDKAATSHDDWLSFDPLGLDIVEDELDEELFDSHDHKHHDDSMIHKNAIIEADCYQNSVTKPASTTDMLDAHAPVTDTIDENNTPEIATDAIKFDGNTSRANPHFKPLLPKPIHRHETDRQLIMDTETTGLDALKGDRIIEVGIVEMVGRKFTGEKLHVYINPQRGMDDEVIRIHGISEAFLADKPTFDQVAQFLYDFMDGAEIIAHNASFDMNFLNMEFAKVGLNDFAERVQVTDSLVMAKQQYPGQKNTLDALVRRLNVGKQDRTFHGALLDSEILAEVYLAMTGGQVTLAIEDDTQTDGKQTAHASFANLAALLLESSVDEESNHHWYTSLAADYPELKANL,non-thermophile
MSDNRSAVQPFKTNSAINPLAAKADTTVAYTDGACKGNPGAGGWGAHLIFSDGRTQDLYGGDKETTNNRMELMGAIQALTHSPHEQNLEIWTDSSYVKKGITEWIEGWKKRGWKTASKKPVANQDLWQRLDELCQHRDVDWHWVKGHAGHAGNEKADELANLGVTSRSEYLIRDAQDNIKKKQQITADKKPSSSDDWLNFDPLGFDMMDDELEEDVDQELDKTQLDGQVLEDFHYQTSNTDIPEAHTFMTDTTMNPNMSDIDTDIDTDIANETPKFDGDTSRANPYFIALLPKPIHRHESDRQLIMDTETTGLDPLKGDRIIEVGIVEMIGRKFTGEKLHVYINPQRGMDEEVIRIHGISEAFLTDKPTFDQVAQSLYDFMDGAEIIAHNASFDMNFLNMEFAKVGMHDFAERVRVTDSLVMAKQQYPGQKNTLDALVRRLDVGKQDRTFHGALLDSEILAEVYLTMTGGQVTLGIEDDTQADGGHTAHASFANLAALLLESSTDESANQSWYASLAQDYPELKAKM,non-thermophile
MSENRSAAQPFNTSNAINPLAAKADTTVAYTDGACKGNPGAGGWGAHLIFSDGRTQDFYGGDKETTNNRMELMGAIQALTHSSHEQKLEIWTDSSYVKKGITEWIEGWKKRGWKTASKKPVANQDLWQRLDELCQKRDVDWHWVKGHAGHAGNEKADELANLGVTSRSEDLITDVQDSTKKKEPIMADKKPSSSDDWLNFDPLGFDMMDDELDAELLENQSYNDSVINTHAFAEENISPYNATNSMSAIEMPDAQTPLIDTSINNHASNMVTNVEADTPKFDGDTSRANPYFKPLLPKPINCHQSDRQLIMDTETTGLDPQKGDRVIEVGIVEMIGRKFTGEKLHVYINPQRGMDEEVIRIHGISEAFLTDKPTFDQVAQSLYDFMDGAEIIAHNASFDMNFLNMEFAKVGMHDFAERVKVTDSLVMAKQQYPGQKNTLDALVRRLDVGKQDRTFHGALLDSEILAEVYLAMTGGQVTLGIEDDAQADGGHTAHASFANLAALLLESSTDEGANQSWYASLAEDYPELKAKM,non-thermophile
MKQVEIFTDGACKGNPGPGGWGALLRMGPHEKELVGGDPDTTNNRMEMIAAIKALGALIEPCEVDLYTDSKYLIDGITKWVHGWKKRGWVNASKKPVRNADLWHDLIELTAHHRVAWHWVKGHAGHPENERVDRLASDEAERIARTA,non-thermophile
MILEAEGYYGLLPLFFYENMTMATKKKFYAIAVGRTPGIYTDWATAEKEVRGFAGAKFKGFATKAEAEAWRENPLYTSARGSGETVKTAKASSRAKVVYPITGVEDRILMYTDGGCSGNPGPGGYGTVILDGDKRIELSGGYRRTTNNRMEMMACIAGLLRLGETSKPISIYSDSRYVVNSISKGWAAGWRRRGWQKADGKPALNADLWKIFLSLCEDNQVSFYWVKGHAGHEFNERCDQLAVSAAAGGDLAVDAAYEALA,non-thermophile
MKTVTLFSDGSCLNNPGAGGWAYILEFNGAVKKDSGGAAMTTNNQMELTAVIEGLKALKEPCEVRLFTDSSYVANAVNSWLDGWVKKNFIGSDKKPVKNIELWQEYLRVSRPHKVTASWIKAHNGHPQNEECDTMAREKATKFQNEADI,non-thermophile
MKNIEIYTDGSCLNNPGFGGWAYILIYKNHQKEQSGACENTTNNRMELMAIIQALKALKEPCEIKLYTDSNLMVQSINEWLDSWVKKNFKGRKNADLWKEYLSVAKEHTITAFWIKAHNGHELNERCDILAKNAALKLQEERSKNA,non-thermophile
MKIVTLFSDGSCLGNPGAGGWAYILRFNEAQKKASGGEAYTTNNQMELKAAIMGLKALKEPCEVRLITDSSYVVNSINEWLANWQKRNFKNVKNVELWQEYLEISKPHKVVANWVKGHAGHPENEECDQMARDEALKIKDENKI,non-thermophile
MHDLIAYTDGACSGNPGPGGWGVVMQAKTGDTVTKQRELKGGAKETTNNRMELMAAISALEALSRRSAITIVTDSVYVKDGVTKWIFGWKKNGWKTAAKKPVKNEDLWKQLDAAQARHQVTWEWVKGHAGHPQNELADELARAGMAPFKD,non-thermophile
MGNPGPGGYGALLIFKEHKKRLSKGFKLTTNNRMELLAPIAAFNSLTETCNVDLYTDSQYVKNGISQWIHNWKKNGWRTKDRKAVKNADLWQQLDDAVSKHEVNWHWVKAHSGHPENEEVDDLAREAASSSDLVADHEYEKGIE,non-thermophile
MIKIYTDGAAKGNPGPGGYGTILLYNQHRKELSEGFRLTTNNRMELMAVIKGLQELKVEGIPVTVYSDSKYVVDAVEKGWIWKWQKTGFKDKKNVDLWKIYIPLHLKYKPKFVWVKGHAGHLLNERCDELAVEAALRRNLPADEAYEREKNGGIF,non-thermophile
MKHLEIYTDGSCLGNPGPGGYGAVLVFGQHSKELSQGFIHTTNNRMELLATIEALASLTETCKVDLTTDSQYVKNGINQWIKNWRKNGWRTSDKKPVKNVDLWKRLDEQVNQHQVEWHWVKGHSGHPMNERCDVLARDAASGKDLLPDSGFQA,non-thermophile
MRHLQVFIDGSVNTQLKVGYGAYLVVSDPSASIEALKYRVKPKRFEQTSSTKLELQTLLWALAEIRTLAGSEPIALTIYTDSQNIISLPDRRARLEQNDYFSSNNKRLNNYQLYQAFYRLTSGIECEFVKVAGHKVSSNKGEIDRRFALVDKASRGALRMEF,non-thermophile
MDNIQVHIYTDGAARGNPGPGGYGIVMEWVGKPYKKEFSEGFKHTTNNRMELLAVIEALKKLKNEGTAVKVFTDSKYVVDTVEKKWYVKWEKTNFKDKKNPDLWKLFLIEYRKQKVSFQWIKGHNNHRQNERCDTLAVAASKERNLKEDTGFITN,non-thermophile
MALTIYTDGGCSGNPGPGGWAFVILQDTFQGINVLAERSGAEKSTTNNRMELMAAIASLETLKTLTDAPRKLTLCTDSQYLQKGMTEWLKGWKAKGWRTSDKQPVRNQDLWQRLDSISGEFSIAWVWVKGHAGNTYNERCDAMTQEAIASIG,non-thermophile
MADLFAYTDGACSGNPGPGGWGVLMRAMAGKEIVKERELSGGEADTTNNRMELLAAIHALEALSKPSAITIVTDSAYVKNGITGWMHGWKRNGWKTAAKKPVKNVELWQRLDEAQKRHNVTWEWVKGHAGHPENERADELARAGMAPFKPGKSGA,non-thermophile
MTDSAAEPTISQPQHVVIYTDGACKGNPGPGGWGALLASGGTEKEIFGGEMGTTNNRMEMTAVIEALAALKKPCTVTLYLDSQYVLKGITEWIHGWKARGWRTAAKAPVKNVDLWQRLDALLVSSGHSIDWRWVRGHNGDPGNERADALANKGVERALGRL,non-thermophile
MPELFAYTDGACSGNPGPGGWGVLMRAMDGEKVMKERELNGGEAETTNNRMELLAAISALETLERASRITVVTDSAYVKNGVTGWIFGWKRNGWKTSNKKPVKNVDLWQRLDEAQARHDVTWEWVKGHAGHPENEKADELARAGMAPFKPKKAQT,non-thermophile
MPELFAYTDGACSGNPGPGGWGVLMRAMDGEKVLKERELNGGEAETTNNRMELLAAISALETLERASRITVVTDSAYVKNGVTGWIFGWKRNGWKTSNKKPVKNVDLWQRLDEAQARHDVTWEWVKGHAGHPENEKADELARAGMAPFKPKKAQT,non-thermophile
MSSSDVSVHLHQKALHLLQEDADKIEKLIEVQMENLTTRQCPLYEEVLDTQMYGFSREVDFAVRAGLIPETAGRAILSELERNLALLYEALNQKKGASST,non-thermophile
MASEMIVDHRQKAFELLKVDAEKILKLIRVQMDNLTMPQCPLYEEVLDTQMFGLSREIDFAVRLGLVDEKDGKDLLYTLERELSALHDAFTGK,non-thermophile
MTSSDLQEQLNLKAITLLQEDADKIEKLIEVQMENLATRYCPLYEEVLDTQMYGFSKEVDFAVRVGLVSELTGKLVLSKLERNLAVLYEALNNKAKQ,non-thermophile
MIEQQTVGYLTLKADADKIQKLLTQQFKALCLSQCPIVEEIIDTQMFGFSKEVDFAKRVQLITADEGNDLVSNLEEQVNQIYNQIYQAQTLN,non-thermophile
MKEVTIYTDGACSGNPGPGGWAAVLLYGDHVREMAGGEEHTTNQRMELLAAIYALRALKEPCRVRLFSDSAYLVNCFRQGWHRRWRANGWRNSRQEPVQNRELWEELLRLTDVHRVDFEKVQGHAGDAWNERCDALARAATPSPGGRAGGGPSPQR,thermophile
MSDEPRVVHAFTDGACLGNPGPGGWAALLRWNGHERLLRGAEAATTNNRMELAAAIAALEALKRPCRVRLATDSQYVKQGIEEWLPRWRANGWRTADRKPVKNQDLWQRLAEAAARHRVTWEWVRGHAGHAENERVDQAAREAAERMRAETV,thermophile
MTRPYVEVYTDGSADRFGRGGWAALLRYEGREKLLSGGEAATTNNRMELRAALEALRALKRPCVVVVYTDSQYLQKAFAEGWLERWQRNGWRTRAGAPVKNQDLWRALLEEIRRHEVRWRWVEGHAGHPENERVDREAQRRRRSLPRPET,thermophile
MFIDFLYDFDLTKDQSFVAEELDKFLYNQKDFLIVQGSAGTGKTFLISQFARYLKRKNKDFVFLAPTGRAADILSNKSGFQSYTIHSVIYDFSHERINFEEDIFQVFFNLKEDWKEDMIFIVDESSMISDSKGIDDGHLVFGSGKLLTDLISYVFNYGSNNKIIFLGDENQLPPVNSSFSPALNRVYLEKQFNLKGNKVFLEDVVRQEKESGILKNSNILKEKIKRKNYYFLDFVFENDFLREDNIIENYMENNGNLKDKIILCSTNKIALEYNKIIRKKLGYFRDIEIGDILLNTKNSKFFGKVFNGEFFEVVKIYDYISENVEIKNKFVIPIELYKLSLKKINSKEKTYDVWILGNALKAKELSVDNLTYYALYKYILGDDVKNINFDIIEKLKSNPYFNALHMKYGYAVTVHKAQGGEWDTVYVDCRYYNNYKTEEYFRWLYTSITRSKKKVYLKNIPAFRSGYWNKIKVLTDYKISKNIKIEYTLYFKDEGTKHIYEEFRNMISNEGFQIIGVKHFQYQEVYYLKKENDFLIVQLYYNKKYEATTLKIIESTNENVANEFLNLFNKGEIQIKEINNEIKSNNKCIKAYVDGSYDNKIKRYGSGIVIIDDNNIGEYYCYGENEELLKYRNISGEIIATLIALEYAKQNHVECMEIYYDYSGIENWALGYWKTNNYLTKRYKELFDKYINDYTLKVIFRKVKAHSGNNYNEIADKLAKKALFERKCNVEKFFVNV,thermophile
MKEVTIYTDGGCRGNGKEAAVGGYGCVLIYKDKIKEIKKGFENTTNNIMELTAVIDALSMLKEPCKVKLHSDSAYVVNAFNQGWIEKWQKNGWKNSNKEPVKNKELWEKLIELTKIHDVEFIKVKGHSDDYYNNRCDELANLAMDEVEKNMLNK,thermophile
MKKITSVKDLAKYIDLTLLKPTATARDIKALCESAKKYEVAAVCVAPTFVPLARELLQKSSVKVCSVIGFPLGFQITSVKAYEGKELVTLGADELDFVINLRWVKEGRFEFVAAEAQELRATLPNTVLKAIIECAYLNREEMEALVDILAETQIDYVKTSTGFGPRGATVDDVKILAKRAYGRIKVKASGGIKTLEQSLALIEAGAVRLGTSAGIEILKELEEGAKLKEEVEIFVDGACLGNPGPGGYAAILRYKGQEKLITGGEPHTTNNRMELMAAITALESLKRPCQVKIYTDSRYLKDGITKWLPRWLKNGFRTSNKKPVKNQDLWQKLAELTSKHQVDWYWVKGHAGHPENERCDQLARAEAEKQRDRQSYFNN,thermophile
MKEVTIYTDGACSGNPGPGGWCAILIYKGIKKVLKGFERYTTNNRMELKAVVEALKALKEPCKVVIYSDSAYIVNAVNQNWIEKWQKNGWKTSEKEEVKNIDLWNELVELMKIHKVTFEKVKGHADNELNNLCDRIARSMIKGEQ,thermophile
MKEVTIYTDGACSGNPGPGGWCAILIYKGIRKVLKGFERYTTNNRMELKAVVEALKALKEPCKVIIYSDSAYIVNAVNQNWIEKWQKNGWKTSEKEEVKNIDLWNELIELLKIHKVTFEKVKGHADNELNNLCDRIARSMIKGEQ,thermophile
MKEVTIYTDGACSGNPGPGGWCAILIYKGIKKVLKGFERYTTNNRMELKAVVEALKALKEPCKVVIYSDSAYIVNAVNQNWIERWQKNGWKTSENEEVKNIDLWNELLELLKIHKVTFEKVKGHADNELNNLCDQIARSMIKGEQ,thermophile
MKEVTIYTDGACSGNPGPGGWCAILIYKGIKKVLKGFERYTTNNRMELKAVVEALKALKEPCKVVIYSDSAYIVNAVNQNWIERWQKNGWKTSEKEEVKNIDLWNELIELLKIHKVTFEKVKGHADNELNNLCDQIARSMIKGEQ,thermophile
MKEVTIYTDGACSGNPGPGGWCAILIYKGIKKVLKGFERHTTNNRMELKAVVEALKALKEPCKVVIYSDSAYIVNAVNQNWIERWQKNGWKTSEKEEVKNIDLWNELINLLKIHKVTFEKVKGHSDNELNNLCDQIARSMIKGEQ,thermophile
MKEVVIYTDGACSKNPGPGGWCAILIYKGIKKVLKGFEENTTNNRMELKAIIEGLKALKEPCKVTVYTDSAYIVNAINQNWIGKWQKNNWKTSEKEEVKNIDLWQELLEFLKVHNVKFEKVKGHSTDTLNNMCDEIARSMIKEMR,thermophile
MTKRKQVIIYTDGAAEPNPGPGGYGAVLVYGPHRKQISGGFARTTNNRMELMAAIKGLEMLKEPCDVTLVSDSKYLVDAMTKGWARRWRQRGWRKSDKEPVLNPDLWERLLALCDQHNVTFEWVKGHANHPENELCDRLAVAALQQPNLPPDDGYVEAAPPSDQNAYSKTGLSCRACGAELEKRPTKSKPQPGQRYFYEYHHRCPGCGRIYLVEEAKRFIPSTSRES,thermophile
MAQKKQFYLVVRGRNPGLYQQWSGEDGASAQVTGFPGALYKGFSTIAAAHEWVRSLPATEQTLALQLLADYEHAPHAEAEPDQNTQQPLSRPATSPSEDASSSSTNGIVMMYTDGSALGNPGPGGYGVVLRYNDHYQELTGGFRLTTNNRMELMACIVGLRALKRPVSVRLHSDSRYVVDAFRKGWIHRWQAQNWMRSETEPVKNADLWAELRLLCEGHQVEFVWVPGHQGVPDNERCHELAIAAAARPDLPPDVAFEMQWSRT,thermophile
MVNQKNKRTVVIYTDGACSGNPGPGGWGAVLLYQDRHKELRGGDPETTNQRMELTAVIEALKALKVEGWDVEVYSDSAYLVNAFNQGWLEKWQRNGWKNAKNDPVANQDLWQELLRLSKKNKVKIIKIAGHSGDFWNERCDALARQAIKEISGRD,thermophile
MKKVSIYTDGACSGNPGDGGWGAILIYGNHEKEVSGFEKDTTNNRMELVAAINALKMLKEPCEVDLYSDSAYLVNGFLQNWVEKWKKNGWKTSNKEEVKNMELWQELDRLSNIHKIRWIKVKGHSDNEYNNRCDKLATDEIKKNSKK,thermophile
MSKKYYAVKQGHHPGIYLTWADCQKQVSGFSGAVYKSFTTRSEAETWLKPSQAVHDQPDDAADVIYVFTDGGSRNHGNKQGQHVKQTDKAAWALLIMKNGQKFTSTGGEYGATNNRMELMALRNALYILVKNGKQDEKIIATLDSHYVLDPIMQGWLQSWQRHNWRTSSGSAVANKQLWLQIMQLLPQFRHLRFQWTKGHADNDGNITVDHLLNQTMDNMEAH,thermophile
MTLTDFPHHPPAKAPRKAVLIYTDGSCDTASRRGGWSYLLVYGEHRKTASGSASDTTNNRMELTAAVEALSALTEPCAVTLVTDSQYLKKAFSEGWLRSWQRNGWRTAGKQPVKNRDLWERLLELTARHQLTWRWTRGHAGDPENELVDRLALQARQRGR,thermophile
MKQEKSAVIKALEALKKSPYDIDLYTDSNYVINGINSWLEKWIKNNWKTSSGKPVENQDLWQRLYELLKKHRVKAHWIKGHSGHPENEYCDKIAKQEALKVKDEKK,thermophile
MEKDLKAVELFTDGACLGNPGPGGWAALLRYGEREKLLSGDEPCTTNNRMELTAAVEGLRALKEPCRVDLYTDSHYLKNAFTEGWLEGWRKRGWRTGEGKPVKNQDLWQALLEAMEGHEVRFHWVEGHSGHPENERVDREARRRAEEAKARKGACTQGKRFQT,thermophile
MKQVELFTDGACLGNPGPGGWAALLRYGSAERMLSGGEPCTTNNRMELTALLQGLRALKEPCEVHLFSDSQYLVKALNEWLPAWEKRGMRRADGKPIENRDLWEALMPELKRHRVVPHWIRGHNGHPENERVDREARRQAQRQKALSQTPCPPEGATLFPR,thermophile
MKQVELFTDGACLGNPGPGGWAALLRYGSHERMLSGGEPCTTNNRMELTALLQGLRALKEPCEVHLFSDSQYLVKALNEWLPAWEKRGMRRADGKPIENRDLWEALMPELKRHRVVPHWIRGHNGHPENERVDREARRQAQRQKALSQTPCPPEGATLFPR,thermophile
MKRVALFTDGASLGNPGPGGWAALLRHGSREKLLSGGEPCTTNNRMELKAAVEGLLALKEPCEVDLYTDSQYLERAFAEGWLDRWQMNGWRTAEGAPVKNQDLWKALLKAMTPHRVRFHWVKGHAGHPENERVDREARRRAEEEKRKGLPCPPPPEGTLFSS,thermophile
MKRVELFTDGASLGNPGPGGWAALLRYAGREKLLFGGEACTTNNRMELTAALEGLRALKEPCEVDLYTDSQYLQKALDEGWLERWAKNGWRTREGKPVKNQDLWQALLQAMAGHRVRFHWVRGHAGHPENGRVDREARRQAQEQKAKVQAPCPP,thermophile
MKCERREMMTFEEKEKREELKEVTIYTDGACLGNPGPGGYGVVLLYNGHRKEISGGFRLTTNNRMEIYAAIAGLSALKCRCKVKLYTDSRYLADAMNKGWVKRWKANGWMRNKKERALNVDLWEQLLRLCEKHEVEFLWVRGHDGNVENERCDQLSTTAARGKNLPIDQGYENADQ,thermophile
MTIYTDGACLGNPGPGGYGVVLLYNDHRKEISGGFRLTTNNRMEIYAAIAGLSALNCSCEVTLFTDSRYLADAMNKGWVRRWKANGWMRNNKDKALNTDLWEKLLDLCEKHKVKFIWVKGHDGNPENERCDELSTSAARLPDLPADEGYERSIKNGN,thermophile
MIVEVYTDGSCFEKHSIGGWGVYIIFNKKEIKFSGFAECSSSTSMELIAALKALEYLHQYSDEIEEIEFYIDCDYTAKLMKELKSKDKISFRSKTSFRNRKTLMLLAHYAAMFKINWHTVKSHRGIKGNEIADSLAKKAAKLGIERKRGG,thermophile
MTQAKRKEVTIYTDGACLGNPGPGGYGAVLIYGEHRKELSEGFRDTTNNRMEMLAAIKALEALKEPCQVVLYSDSRYLVDAVTQGWARRWKANGWMRNKKDPALNVDLWERLLQLLERHQVEFRWVKGHAGNPENERCDKLATAAAARPDLPLDGRC,thermophile
MSSLKEVIIYTDGACSGNPGPGGYGVVLLYKGHRKELSGGFRNTTNNRMEILAAIVGLEQLKERCSVTLYTDSQYLVNAIEQGWAKKWRANGWMRNKKEPALNADLWERLLKLLEYHQVKFVWVRGHAGNPENERCDRLAVEAARQPDLPPDIR,thermophile
MMEQFPEVEIYTDGACSGNPGSGGYGIVLKYKDNIKEVSGGYRQTTNNRMELIAVIKGLEALKKPCAVKIYSDSKYIIDALNKGWAGKWKENGWRRDRNKPAKNADLWIKILNLAEKHKITWVWVKGHDDNIYNNRCDKLAQEASKKKPLQEDQGFIPVMHQY,thermophile
MADLPEVEIYTDGACSGNPGPGGYGVVLRYGNHVKEISGGYAQTTNNRMELMAVIEGLRALKRPCRVTIYTDSRYIVDAMTRGWVRRWQANGWRRENGEPAKNADLWRQILSLASKHRITWVWVKGHADNIYNNRCDQLAVEASRRASLPGDPGFQA,thermophile
MKDVVIYTDGACSGNPGPGGYGVVLLYQGHRKELSGGFRDTTNNRMEILAAIVGLEALKESCNVTVYTDSQYLYNAIEKGWAKKWRANGWMRNKKEPALNPDLWDRLLKLMERHNVKFVWVKGHAGHPENERCDQLAVAAAKQPNLPPDIRTTP,thermophile
MKKVEIFTDGSSLGNPGAGGWCAILRYNKHEKMIKGGKENTTNNEMEIKAVLEALKILKEPCEIDLYSDSEYVVKAMKEWIHNWAKNNWKTSKKKDVAHKDMWQEIYRLMQIHRINPIWVKAHAGHRENEICDRIAKKEAEKFRR,thermophile
MSTPRKHVVIYTDGACSGNPGPGGWAAILRYNQHEKVLTGAAPHTTNNRMELTAVIEALRALKEPCRVDVYTDSNYIVRAFQEGWVDRWQRNGWRTASKKPVENQDLWRALLELTRRHDVRFLKVKGHADDALNNRVDRLAVEAMRRGQTKAAGSAVND,thermophile
MGTPRKHVVIYTDGACSGNPGPGGWAAILRYNQHEKVLQGAEAHTTNNRMELTAVIEALRALKEPCRVDVYTDSNYIVRAFQEGWVERWQRNGWRTASKKPVENQDLWRALLELTRRHDVRFLKVKGHADDALNNRVDRLAVEAMRRGQTETPDSSVSAVND,thermophile
MKEVTIYTDGACSGNPGPGGWGAVLIYGDKRKEISGAEARTTNQRMEITAAIAALKALKEPCRVRLYSDSAYLVNAFRQGWLDRWQRNGWQTVKKEPVENQDLWRELLQLTARHRVEWLKVKGHSDNAENNRCDELARAAIARLLKQEFPS,thermophile
MKEVTIYTDGACSGNPGPGGWGAVLIYGDKRKELSGAEPSTTNQRMEITAAIAALRVLKEPCRVHLYSDSAYLVNAFRQGWLARWERNGWLTVKKQPVENQDLWRELLQVASRHQVEWLKVKGHSDNPENNRCDELARAAIAALRRQEIPSS,thermophile
MPDKKFYVVWKGLKTGIFSNWAQCAEAVTGFSGAEFLSVTTLTEAHAALRFPSRKAYQTYRQAQISAGVAPPLAESYCVDAACSGNPGLLEYRCVHTSTGKELFHQGPFENGTNNIGEFLAIVHALALLKKKGITSPIYTDSEIALLWVKEKKCKTRLKPDQTNTRLFELIRRAETWLQENTFENPLLKWDTEHWGQIPADFGRK,thermophile
MAVERLVYTDGACLGNPGPGGWAWFEPLTGRRASGSEAQTTNQRMELTAVLRALEADPAPLVLVRSDSQYVVRCFQERWWARWRQNGFRNAKGQPVSNRDLWELVLRLVLDEGRSVRFEWVRGHAGDPGNEEVDRLAQAAARAVARGV,thermophile
MKFYAVKKGRKPGIYRNWDEAKAQVDGFSGAEYKSFAQITDATDYLNWNKETQGQEIRKDEDNLQNAIKKIVNTSKKLPVQTKTVKARNSNPNDYFATIYTDGGTRNTGVYKGGHVKKTDKAAWAYRIEWGDQEVHGAGGEYGATNNKMEQTGFINALKKLIELGFNDKKLLFVLDSQYVLNAINKGWLKSWKKRGWKKSSGPLANKEEWQEIDRLLTKFPNAKFEWTKGHANNAGNEFVDHFLNKYMDEKM,thermophile
MIEVYTDGACKGNPGPGGWAYVVVRDGEGEGAFGGERMTTNNRMELLAVIKALERVDAGGRVRVYTDSEYVRRGITEWIDRWLANGWKTRDRRDVKNRDLWERLWRLAAEVELEWVWVQGHAGVGWNEVCDRMAHLAALKAGG,thermophile
MIEVYTDGACKGNPGPGGWAYVVVRDGEGEGAFGGERMTTNNRMELLAVIKALERVDAGGRVRVYTDSEYVRRGITEWIDRWLANGWKTRDRRDVKNRDLWERLWRLAAEVELEWVWVQGHAGVGWNEVCDRMAHLAALRAGG,thermophile
MIKVYVDGACLGNPGPGGWAVLILDDGREHLITGGEEVTTNNRMELEAVLQALSFFKEPTEIIIFCDSEYVIKGATEWLSNWKKRGYRTADGKPIKNRDLWEKLDELLQFHKVFFQKVAAHSGDPLNEKVDQIAKESAQRWKKDI,thermophile
MKRVQIYTDGACLGNPGPGGWAALLRFHTREKLLSGGEPCTTNNRMELKAAIEGLKALKEPCEVDLYTDSQYLKKAFTEGWLERWRQRGWRTAEGKPVKNRDLWEALLLTMAPHQVRFHFVEGHAGHPENERVDREARRQARAQAKTPCPPQAPTLFHEEA,thermophile
MKKVTIYTDGACSGNPGPGGWGAILLYGEKSKEISGYEPSTTNNRMELTAAIKALRALKEPCEVDLYSDSAYLVNAFQQDWLGKWQQKGWVNSKKEPVENQDLWQELLKLTKTHKVKWIKVKGHADNEFNNRCDELARGEITAHQN,thermophile
MKEVIIYTDGACSHNPGPGGWAAVLLYGQHRREISGGERETTNNRMELMAVIESLKLLKEPCRVKLHSDSAYIVNCFQQKWYVKWIKNGWMTAGKKPVENKDLWQELLALCEEHEVEFIKVKGHSDVELNNRCDELARAAVPR,thermophile
MSNNIDVVEIYTDGACSGNPGPGGWAAVLLYKGTKKEISGFEENTTNNRMELKAVIEGLKALKRPCKVNLYSDSSYVINAFKEGWLEKWQKNNWLKSDKTPVENQDLWKELLEISKNHQVNWIKVKGHADNEYNNLCDRLATEQIKRNTRQNPKE,thermophile
MSNNIDVVEIYTDGACSGNPGPGGWAAVLLYKGTKKEISGFEENTTNNRMELKAVIEGLKALKRPCKVNLYSDSSYVINAFKEGWLEKWQKNNWLKSDKTPVENQDLWKELLEISKNHQVNWIKVKGHADNEYNNLCDRLATEQIKRNTRQNPKE,thermophile
MSNNIDVVEIYTDGACSGNPGPGGWAAVLLYKGTKKEISGFEENTTNNRMELKAVIEALKALKRPCKVNLYSDSSYVINAFKEGWLEKWQKNNWLKSDKTPVENQELWKELLKVSKRHQINWIKVKGHADSEYNNLCDRLATEQIKRNTKKL,thermophile
MELKAVIEGLKALKRPCKVNLYSDSSYVINAFKEGWLEKWQKNNWLKSDKTPVENQDLWKELLEISKNHQVNWIKVKGHADNEYNNLCDRLATEQIKRNTRQNPKE,thermophile
MSNNIDVVEIYTDGACSGNPGPGGWAAVLLYKGTKKKYQDLKKILQTIEWN,thermophile
MENNIDIVEIYTDGACSGNPGPGGWAAVLLYKEARKEISGFEENTTNNRMELKAVIEALKALKRPCKVNLYSDSSYVINAFKEGWLEKWQKNNWLKSDKTPVENQELWKELLEVSKRHQINWIKVKGHAGDEFNNLCDRLATEQIKRNTKKL,thermophile
MENNNDVVEIYTDGACSGNPGPGGWAAVLLYKRTKKEISGFEENTTNNKMELKAALEALKALKRPCKVNLYSDSSYLINAFNQGWIEKWQKNNWLKSDKTPVENQDLWKELLEVLKKHQVNWIKVKGHADNEYNNLCDKLATDEIKKNTKKS,thermophile
MENNIDIVEIYTDGACSGNPGPGGWAAVLLYKEARKEISGFEENTTNNRMELKAVIEALKALKRPCKVNLYSDSSYVINAFKEGWLEKWQKNNWLKSDKTPVENQELWKELLEVSKRHQINWIKVKGHADDEFNNLCDRLATEQIKRNTKKL,thermophile
MSNNIDVVEIYTDGACSGNPGPGGWAAVLLYKGTKKEISGFEENTTNNRMELKAVIEGLKALKRPCKVNLYSDSSYVINAFKEGWLEKWQKNNWLKSDKTPVENQDLWKELLEISKNHQVNWIKVKGHADNEYNNLCDRLATEQIKRNTRQNPKE,thermophile
MSNNIDVVEIYTDGACSGNPGPGGWAAVLLYKGTKKEISGFEENTTNNRMELKAVIEALKALKRPCKVNLYSDSSYVINAFKEGWLEKWQKNNWLKSDKTPVENQELWKELLKVSKRHQINWIKVKGHADSEYNNLCDRLATEQIKRNTKKL,thermophile
MSNNIDVVEIYTDGACSGNPGPGGWAAVLLYKGTRKEISGFEENTTNNRMELKAVIEALKALKRPCKVNLYSDSSYVINAFKEGWLEKWQKNNWLKSDKTPVENQELWKELLEVSKRHQINWIKVKGHADSEYNNLCDRLATEQIKRNTKKL,thermophile
MSNNIDVVEIYTDGACSGNPGPGGWAAVLLYKGTKKEISGFEENTTNNRMELKAVIEGLKALKRPCKVNLYSDSSYVINAFKEGWLEKWQKNNWLKSDKTPVENQDLWKELLEISKNHQVNWIKVKGHADNEYNNLCDRLATEQIKRNTRQNPKE,thermophile
MSNNIDVVEIYTDGACSGNPGPGGWAAVLLYKGTKKEISGFEENTTNNRMELKAVIEALKALKRPCKVNLYSDSSYVINAFKEGWLEKWQKNNWLKSDKTPVENQELWKELLKVSKRHQINWIKVKGHADSEYNNLCDRLATEQIKRNTKKL,thermophile
MSNNIDVVEIYTDGACSGNPGPGGWAAVLLYKGTKKEISGFEENTTNNRMELKAVIEALKALKRPCKVNLYSDSSYVINAFKEGWLEKWQKNNWLKSDKTPVENQELWKELLEVSKRHQINWIKVKGHADSEYNNLCDRLATEQIKRNTKKL,thermophile
MSIPEVIIYTDGACSGNPGPGGWGAILIYKDTVKEISGYEENTTNNRMELTAAIEALKMLKRPCKVNLYSDSSYLINAFNQKWIDNWLKKGWIKSDKTPVENKDLWLKLLDLSSIHHIKWIKVKGHADNEYNNRCDKLATDEIKKHQISIAK,thermophile
MKNNNEIIEIYTDGACSGNPGPGGWAAVLIYKGIKKEISGFEENTTNNRMELKAAIEGLKALKRPCKVNLYSDSSYLINAFNEGWIEKWQKNNWLKSDKTPVENQDLWKELLEVSKPHQINWIKVKGHSDNEYNNLCDRLATEQIKKHIKENP,thermophile
MKNNNEIVEIYTDGACSGNPGPGGWAAVLIYKGIKKEISGFEENTTNNRMELKAAIEGLKALKRPCKVNLYSDSSYLINAFNEGWIEKWQKNNWLKSDKTPVENQDLWKELLEVSKPHQINWIKVKGHSDNEYNNLCDRLATEQIKKHIKENP,thermophile
MKNNNEIVEIYTDGACSGNPGPGGWAAVLIYKGIKKEISGFEENTTNNRMELKAAIEGLKALKRPCKVNLYSDSSYLINAFNEGWIEKWQKNNWLKSDKTPVENQDLWKELLEVSKPHQINWIKVKGHSDNEYNNLCDRLATEQIKKHIKENP,thermophile
MKNNNEIVEIYTDGACSGNPGPGGWAAVLIYKGIKKEISGFEENTTNNRMELKAAIEGLKALKRPCKVNLYSDSSYLINAFNEGWIEKWQKNNWLKSDKTPVENQDLWKELLEVSKPHQINWIKVKGHSDNEYNNLCDRLATEQIKKHIKENP,thermophile
MKNNNEIVEIYTDGACSGNPGPGGWAAVLIYKGIKKEISGFEENTTNNRMELKAAIEGLKALKRPCKVNLYSDSSYLINAFNEGWIEKWQKNNWLKSDKTPVENQDLWKELLEVSKPHQINWIKVKGHSDNEYNNLCDRLATEQIKKHIKENP,thermophile
MKNNNEIIEIYTDGACSGNPGPGGWAAVLIYKGIKKEISGFEENTTNNRMELKAAIEGLKALKRPCKVNLYSDSSYLINAFNEGWIEKWQKNNWLKSDKTPVENQDLWKELLEVSKPHQINWIKVKGHSDNEYNNLCDRLATEQIKKHIKENP,thermophile
MKNNNEIVEIYTDGACSGNPGPGGWAAVLIYKGIKKEISGFEENTTNNRMELKAAIEGLKALKRPCKVNLYSDSSYLINAFNEGWIEKWQKNNWLKSDKTPVENQDLWKELLEVSKPHQINWIKVKGHSDNEYNNLCDRLATEQIKKHIKENP,thermophile
MSNNIDVVEIYTDGACSGNPGPGGWAAVLLYKGTKKEISGFEENTTNNRMELKAVIEGLKALKRPCKVNLYSDSSYVINAFKEGWLEKWQKNNWLKSDKTPVENQDLWKELLEISKNHQVNWIKVKGHADNEYNNLCDRLATEQIKRNTRQNPKE,thermophile
MKNNNEIVEIYTDGACSGNPGPGGWAAVLIYKGIKKEISGFEENTTNNRMELKAAIEGLKALKRPCKVNLYSDSSYLINAFNEGWIEKWQKNNWLKSDKTPVENQDLWKELLEVSKPHQINWIKVKGHSDNEYNNLCDRLATEQIKKHIKENP,thermophile
MGKKIYAIKEGFDFANNKKVENLIVNTWDECLKYVKGVKGAKYKSFTDIIEANEYLNETCRLLKKDIDEYPKDWIHAYVDGSYNNITGKYGYALVLVKNDVIIYVENGRAEDDSNKSLRQIAGELKAAVRAAEYAVRNNEKGIVIFHDYEGIFHHAVGTWDRKDESSVEYYSKMRHLIDKLNLEIVFVKVDSHTGDLYNEMADEFAKIGAGVEINKTIRNLIKDKIVYVLDSEVKSKLRKLINDDCIENIKVTEEIIEKMNKESTDIEDIIDYLKNSSMSKEDTLNYLKQLDSRVKDEIILHLIKTI,thermophile
MFLNFLQQYNLTKDQIHAAKKLEDFIYDYLDFLIIQGSAGTGKTFLISQYVRYLFEKGKSFVILAPTGRAAKILHEKSGFETKTIHSEIYSFSHEKVDLESEIIKVYFCLKKPQRDNTIFIVDESSMISDNKQSDEELVFGSGKLLSDFIEYVKSGENNKIIFFGDEYQLPPTNSAFSPALDVKTLQENFHLKGEKIFLNEVVRQRTQSKILNNANTIKKHIDDENYLTLKFEYDGDEFVKTHDFIKEYNYSNPGEDIIIVSTNKKALEYNMEIRKKLGFQSQIEVGDILLNTKNVYCKDKVVFNGEFFKVEKVINYEGKDAFVGRKKYVLEFYDLELKNINSGEIIESKVFLNSLFSETADIDSDLKKALFSFCIDDMHKKTGLSQKSITQNLSKYLQDNPYLNALHVKYGYAITAHKSQGGEWDRAFIDPYYYNSTKTKEYFRWLYTSITRAKKKVYIKDLPIKIFSFNKLKIQNDFTLREKINISYNLNFNNEMLRELYTAFESIISKHSFNVLGIEHLQYQEVYYIKSGNHYLKVQLYYDKNYEPTSLKILETTNNEQALKMLSIINSEVQNSNNFNIDKNNKINSISISRCMKKTLENECVKIYIDGSYDESTKKIGAGFVVVKESNEEKIETYWRGFSNPEHVKHRNVAGEIYAALLAFEYAKNENLKCIEINYDYEGIEKWALGLWKTNTSLTKLYKEKYDYYSTFFRIKFNKVKAHTGEKYNEIADNLAKKAVNEEKYHVKYEIDL,thermophile
MNGVIRVYTDGSYKNGMISYGFMLYGFGFDGTIKVSTSRPGTTLQNVEAELKAVLEALKYLKRNYGELNNYTIILCYDLELIKSILTNPRAQARNGYLRNYVEQFRILQQSLGCKILFEKVKGHYHEIHNRLDRAVRRKLNEVLASA,thermophile
MKIYVDGSYNESLNLAGYAFAVVENEEIKFAQKEAMILRNGNSVTAELIGVIKALEYCQNQGIQEVTIIHDYNEIPMFAFSYRKTKNPSINSYVRKLREMRETIKVSFLKVKAHTDDRFNNYVDELSRKSIEEFLERLLKNKNNSKHSLENR,thermophile
MKDTSNYKICDVYTDGSFRDGIVGSGVVIKCDETIEEIAFSMQSETLSAHRNVSGEIYAVMYAVFYASKKGISKLRIFHDYSGLAHWVNGEWKTKTELTKLYKAFVKYYMSYVDIEFVKVQAHRGNQLNNLADKLAKQSLEGKFHAPYFEDFLAQLEIFK,thermophile
MKKIEIYTDGSSLGNPGPGGWCAILRYKGKEKIISGGEEYTTNNRMELKAVIESLKILKEPCEIELYADSTYVLKGINEWLSNWVRKNFKNVKNEDLWREFLRYSKPHKINVNWIKGHSGHIENERCDKIAKDEALRRKSVSK,thermophile
MACTVEVFTDGSADDKRRGGWAALLRYNKHEKLISGAEPNTTNNRMELTAAVMALRALKKPCEVHLYTDSQYLKKAFTDGWLEKWQKNGWKTASRQPVKNKDLWLALLEETARHEVHWHWTRGHAGHRENELVDREAQRQRRTLPLG,thermophile
MTNTNEDKKRVTIYTDGACSGNPGPGGWGAILLFNEHKKELSGSAENTTNQRMELYAAVQALKALKYPCNVELCSDSAYLVNCFQQGWWKKWQRNNWLTKSKKKVDNQDLWRELIELNDYHSIQWIKVKGHSDDELNNRADQLATEAIPDKS,thermophile
MENREPVIVYTDGACSRNPGPGGWAAILQWNDNVKELSGGERETTNQRMEIRAVIEGLRALKRPCDVVIHSDSAYVVNCFQQKWYVNWQKNGWRNSKGDPVQNKDLWEELLAAMKPHKVRFQKVKGHAGVQWNERCDELARQAIPR,thermophile
MAKKRRRTSKTLVKTGVVFMKNFEIGTFLKEISEVIEEQKSVHHNKAKNRIDDIYKFRSSLIDRIIQLSEGYGLLVIRNEIVYYHNEQHTIDIALYNDDDCVLAIEITSSRLKRAIMNLLHHCSLYRLLITYYREASFCKNLLLRYDEQRKITLLHIKNLKYDTPEINKIPSKLGIKNVNSPLEVKIENALKEYGIKFESQYAVYQKMGSRNSWIPKYIIDFVIYGEHCKIAVECDGLRYHLTDQAKVYDTERDLWLLKNGFDEVIRLPGDKIKENLSECMNMIRSKISAWDQFYEMRNRKAKILNTNLDVSCIGDYVQIVLRELLPVFHNITLKKKETTKEKIKQFVNTIFMAGYSPNIQTFYYQLPQLSELITKGNVHCAFVGYNIPFVLYYVESLSQCQIPSWLRNEKRVVKLIIYKRKYQKRLAIGRNTRSYVLINGSNGIVEDSDIVNNVILKQGTKPIKKENTETLRSVHTKESQLTPEVQGSGMMEKKKTKYYVVWIGKQTGIFSSWDECKQYVLGVASAKYKSFSSIEEAKQAYHDGWTKYYRTAEKAKTSQQISLNLNKDMTYIEESICVDAACSGNPGQMEYKGVYTKTGKVLFHFGPILGTNNVGEFLAIVHALAFLKQYGKDYPIYSDSLTAIKWVKTKKVNTALIRNKDTERVWRLIERAKQWLKKNDYNNPILKWETDIWGEIKADFGRK,thermophile
MATKKYYVVWKGTNTGIFTSWDDCKRNVQGVPGAKYKSFPSLKEAEIAFQSGWQAYYGENTKSDKKAKARIQTNIQQNHDYIEDSIAVDAACSGNPGPMEYKGVCLKTGQTLFHFGPIVGTNNIGEFLAIVHALGFLQKKNLSIPIYSDSQTAIKWVKMKKANTNLPLTKETEQVWNLIKRAEQWLQTHSYANPIIKWETKLWGENKADFGRK,thermophile
MATKKYYVVWKGTNTGIFTSWDDCKRNVQGVPGAKYKSFPSLKEAEIAFQSGWQAYYGENTKSDKKAKARIQTNIQQNHDYIEDSIAVDAACSGNPGPMEYKGVCLKTGQTLFHFGPIVGTNNIGEFLAIVHALGFLQKKNLSIPIYSDSQTAIKWVKMKKANTNLPLTKETEQVWNLIKRGEQWLQTHSYANPIIKWETKLWGENKADFGRK,thermophile
MTTKKNEIVIYTDGACDPNPGRGGWGAILVQDGKERILKGKEAVSTNNRMELTAALQALKVVPSTVPVTIFTDSQYLKKGIEEWLPNWIARGWRRKGGVLANVDLWQDLAKEINTHSITWKWVRGHNGNIYNERVDKIARNAIKGK,thermophile
MKPTVMKKVIIFTDGACIGNPGPGGYAAILIYGKNKKEITGGFRYTTNNRMELMAAIAALEALKEPCEVILYSDSNYLVENFSSGLVFRWREKGWKRNKKEPVENVDLWTRFIKNCETHRVSLEWVMGHQGIRENERCDFLARQTAKRNDLPADRAFEEGLTRSLEPTLLDCQ,thermophile
MKHVTVFTDGSCLGNPGPGGSCAVLRFGESEKILSKGYRLTTNNRMELRAVIDALEALTEACRVDLTTDSQYVRNAITKGWLKGWQKNGWRTADKKPVKNQDLWRQLIPLLARHQVTFHWTRGHAGHADNELCDSLARQAASGGNGSMRDDEGFSAGA,thermophile
MYKVFSDGACKGNPGPAGIGFVIYDDDGEKVYECSTYIGEGTNNIAEYTAVLEAIKVIKQRLTEDTANGNLTGKNEKVIFHLDSELVVRQLNGIYKVKDPTLKKIFFKILEELKGMEYEVVHVPRDQNKVADRLSKRALNVTNSAY,thermophile
MREWTDRIRKTGIAFADFLDGKGIHCSLSAHGEYFVQLSNGVTFKLYTNRSGNYRIVLPSSICGVLSEKLLFAWEEFNGRTYSGIHLFVDGSFRDNAAGYGVVVISENRILERMKGCVKENLEMRNVIGEIEGVIQGLSYCLKMGYKKVKMHYDYEGLKSWTTGEWKAKNESTRKYRDLLDELSPNISIEWVKVKSHVGDTFNEIADKLAKKAVEEC,thermophile
MTLNDWTLALKETGYEFARFLKKRGLCCSVTVISEYCVELSNSVVLRLYTNRKGNKRMVLPSFLSEEKSEWLLFRWEEFNGRNYDGVHLFVDGSFMDNKVGYGVLVITENQIEKRINGCLRENLEMKNVTGEIEGVIRALEYCMRKGYRKATIHYDYMGLRSWAEGEWKAKNKLTRKYVERLKQFSSQIDIEWVKARSHIGETFNEIADKLAKKAVEDCG,thermophile
MPEALAQVELFSDGACRGNPGRGAWGVCLRAAGRERVLWGYVPETTNNRMEMTAVLRGLQVLRRPSRVQIVTDSRYLVDGMTQWLPGWLRRGWRSAAGAAVKNRDLWQALQEAAAGHELHWQWVRGHAGHPENEAVDALINRVLDRFGTETEVREGEGWL,thermophile
MPEKIIELFTDGGCRGNPGIGAWGVWLRLAGQERVLWGFVPETTNNRMELTAALRGLEALKRPSAVRVISDSRYLRDGMTQWLAGWQRRGWRTAGGDAVKNRDIWELLAAVAARHQVQWEWVRGHSGHIENERVDALLNRVMDQYAAGGQAREGEGWL,thermophile
MKEVEIYTDGACSGNPGKGGWGVILIYKGKEKVLSGYEEQTTNNRMELRAVIEGLKALKEPCVVKLYSDSAYVINAFQNGWVEEWKKNGWSRGPKKEELKNADLWQELDSLVQKHRVQWIKVKGHSDNEYNNRCDKLATGEITKAKKGDEK,thermophile
MASKVYAVREGRRTGIFNSWKECEQQVKGYSGAEYKSFKTFDEAGEYLNYSNELLCEKEEDNSNSTIMTYNDTMIAYVDGSYDDSIRQFGSGIVILFNGEEKTFSIRGTDESLIDMRNVAGEIKGAEKAMQYAVDNNVNRLIIYYDYEGIEKWCIRAWSARKEGTKKYRDFYDEVSKKVNIQFVKVKAHSGDKYNEEADKLAKESLGM,thermophile
MSIPEVIIYTDGACSGNPGPGGWGAILIYKDTVKEISGYEENTTNNRMELTAAIEALKMLKRPCKVNLYSDSSYLINAFNQKWIDNWLKKGWIKSDKTPVENKDLWLKLLDLSSIHHIKWIKVKGHADNEYNNRCDKLATDEIKKHQISIAK,thermophile
MANIPEIDIYTDGACSGNPGPGGWGAVLIYNGVKKEISGYEENTTNNRMELTAVIKALSLLKRSCKINLYSDSSYLINAFNQKWIENWQKRGWLKSDKTPVENKDLWLKLLDLSSCHDIKWIKVKGHSDNEYNNRCDKLATDEIRKHSI,thermophile
MANIPEIDIYTDGACSGNPGPGGWGAVLIYNGIKKEISGYEENTTNNRMELTAVIKALSLLKRSCKINIYSDSSYLINAFNQKWIENWQKRGWLKSDKTPVENKDLWLKLLDLSSCHDIKWIKVKGHSDNEYNNRCDKLATDEIRKHSI,thermophile
MINMSDVTIYTDGACSGNPGPGGWGAILIYKDIVKEKSGYEENTTNNRMELTAAIEALKMLKRPCKVNLYSDSSYLINAFNQKWIDNWLKRGWIKSDNKTPVENKDLWLKLLDLSSIHNIKWIKVKGHADNEYNNRCDKLATDEIKKHQIGIIK,thermophile
MKEVTIYTDGACSGNPGPGGWGAVLFYGPHRKEISGGEPMTTNNRMEIVAVIEALKQLKEPCAVTVYSDSAYVVNCFRQNWMQGWLKNGWRNSKGKPVENQDLWQELWSLMQRHRVSYVKVKGHSDNEWNNRCDELARAEIRRQSQPG,thermophile
MKNKGTYEVYVDGSFFNDCVSYAAVILKDGELQKTIKGVVKEEDFISSRQVGGELMAVMKALEWCKENKITSITLYYDYIGIKAWVTGEWKAKKPLTRFYADYVKKSGIKIYWKKVKSHSGNYWNDYVDKLAKKSALEV,thermophile
MREVIIYTDGACSGNPGPGGWGAVLLYGSHRKELSGFHPHTTNNRMEIQAAIEALRALKYPCKVKLYSDSAYLVNAFRQNWLRTWQRNGWVNSRKQPVENQDLWQELLEAARPHQVEWLKVQGHADVAENNRCDELARAAIAAGTQG,thermophile
MQKKYYAVKKGRKTGIFETWEECKDQVYGFPNSEFKSFKSKEDAINYLTGSNSSKKYPARTLISYVDGSYDSTSKIYGSGVVLLENEDNKTYSFAGNNPEYAKSRNVAGEISAAIYAMEYTQTNKYQRLIINHDYIGLEKWAKADWKANKKITIAYKNCYDIFSKLLNIQFVWIKSHSGDYYNELADKLAKKALTEKNFKDLITKYLQ,thermophile
MKEVTIYTDGACSGNPGPGGWAAVLVCNGHQKEISGREELTTNNRMELTASIEALKQLKEPCHVHIYSDSAYLVNAFQKKWVKNWKKNGWRTASGRPVENRDLWEELLAVMRPHSVCWHKVEGHRGNPYNERCDRLAKKRIRG,thermophile
MFLDGEEKHFFFSGNNPEYSSSRNVAGEISASIYAMEYAKEKGYEKIIIHHDYIGLEKWCNGEWKTNKKITIAYKNCYDYFSKLLTIQFSWVRGHSGDRYNTLADQLAKKALENKNFRDLITKYLYTN,thermophile
MEYAKEKGYEKIIIHHDYIGLEKWCIGEWKTNKKITIAYKNCYDYFSKFLTIQFIWVRGHSGDHYNTLADQLAKKALESKIFRDLITKYLYSN,thermophile
MAFLPPFVKIFMNYNRKKEKRQILSFYLNTQLIKNIKKVVMKKIEIYTDGSSLGNPGPGGWCSVLRYKGHEKTISGGEELTTNNRMELKAVIEALKLLKEPCEIDLYADSTYVLKGISEWLENWKKKNFKNVKNVDLWQEFIEISKPHIINVNWVKGHSGHRENEICDKIAKEEAAKRKK,thermophile
MSDETVILYTDGACSGNPGPGGWAAILQWNGHVKELSGGERETTNQRMELKAVIEGLKALKRPCDVIVHSDSAYVVNCFKQRWYVNWRKNGWINSKGEPVQNRDLWEQLLEAIDGHRVRFEKVKGHAGVKWNERCDELARSAIPR,thermophile
MSDTEASKQVIIYTDGACSKNPGPGGWAAVLKYGEHIKEVSGGEPHTTNQRMEIMAVIGALRVLKQPCDVVVYSDSAYVINCFQQKWYVNWQRNGWRNSKGETVQNRDLWEELLSVMAPHKVQWKKVKGHAGVAWNERCDELARAAIPR,thermophile
