Sequence,Label
MAGNFSEIESQGNISLKFGFLGLGMGGCAIAAECANKETQIKNNKYPYRAILVNTNSQDFNKIEIKNTGNVRKIQLEGYEQGAARNPQVGEEAFVKHETKIFEAVKQEFEDRDFIWITCGLGGGTGTGALLKAIEMLYEHDYNFGLLLTLPRDAEALKVLENATSRIRSIAMNQEAFGSIVLIDNAKLYRKFEEENPSALANEYTSYSNKYIADALHEINLVTSSFTPFSDTHFDASEFAQVINTPGVLSLAKLELKSNQLDTENPLGYLTQLGNALEKGVLYDTEREELESAKKSALSIVTSPLRAGRLYNFSFLNQMENFLKERTPYVDERPIAPYVNKHTTKKEEDIVKFYSVVAGLPLPKRVSDIIDEITRIKEEREQANSKKSNAVLNKLFAFDDSVQEEKPKKKKLNFGAEPEVEVADDSQPAKKKLSF,thermophile
MAEQLVEAPAYARTLDRAVEYLLSCQKDEGYWWGPLLSNVTMEAEYVLLCHILDRVDRDRMEKIRRYLLHEQREDGTWALYPGGPPDLDTTIEAYVALKYIGMSRDEEPMQKALRFIQSQGGIESSRVFTRMWLALVGEYPWEKVPMVPPEIMFLGKRMPLNIYEFGSWARATVVALSIVMSRQPVFPLPERARVPELYETDVPPRRRGAKGGGGWIFDALDRALHGYQKLSVHPFRRAAEIRALDWLLERQAGDGSWGGIQPPWFYALIALKILDMTQHPAFIKGWEGLELYGVELDYGGWMFQASISPVWDTGLAVLALRAAGLPADHDRLVKAGEWLLDRQITVPGDWAVKRPNLKPGGFAFQFDNVYYPDVDDTAVVVWALNTLRLPDERRRRDAMTKGFRWIVGMQSSNGGWGAYDVDNTSDLPNHIPFCDFGEVTDPPSEDVTAHVLECFGSFGYDDAWKVIRRAVEYLKREQKPDGSWFGRWGVNYLYGTGAVVSALKAVGIDTREPYIQKALDWVEQHQNPDGGWGEDCRSYEDPAYAGKGASTPSQTAWALMALIAGGRAESEAARRGVQYLVETQRPDGGWDEPYYTGTGFPGDFYLGYTMYRHVFPTLALGRYKQAIERR,thermophile
MVVSIGVFDGVHIGHQKVLRTMKEIAFFRKDDSLIYTISYPPEYFLPDFPGLLMTVESRVEMLSRYARTVVLDFFRIKDLTPEGFVERYLSGVSAVVVGRDFRFGKNASGNASFLRKKGVEVYEIEDVVVQGKRVSSSLIRNLVQEGRVEEIPAYLGRYFEIEGIVHKDREFGRKLGFPTANIDRGNEKLVDLKRGVYLVRVHLPDGKKKFGVMNVGFRPTVGDARNVKYEVYILDFEGDLYGQRLKLEVLKFMRDEKKFDSIEELKAAIDQDVKSARNMIDDIINSKFEKEG,thermophile
MRRLWEIVEAKKKDILEIDGENLIVQRRNHRFLEVLSGKERVKIIAEFKKASPSAGDINADASLEDFIRMYDELADAISILTEKHYFKGDPAFVRAARNLTCRPILAKDFYIDTVQVKLASSVGADAILIIARILTAEQIKEIYEAAEELGMDSLVEVHSREDLEKVFSVIRPKIIGINTRDLDTFEIKKNVLWELLPLVPDDTVVVAESGIKDPRELKDLRGKVNAVLVGTSIMKAENPRRFLEEMRAWSE,thermophile
MDTRKNVSGAERKIWSLIRDCSGKLEGVTETSVLEVLLIVSRVLGIRKEDLFLKDLGVSPTEEKRILELVEKRASGYPLHYILGEKEFMGLSFLVEEGVFVPRPETEELVELALELIRKYGIKTVADIGTGSGAIGVSVAKFSDAIVFATDVSSKAVEIARKNAERHGVSDRFFVRKGEFLEPFKEKFASIEMILSNPPYVKSSAHLPKDVLFEPPEALFGGEDGLDFYREFFGRYDTSGKIVLMEIGEDQVEELKKIVSDTVFLKDSAGKYRFLLLNRRSS,thermophile
MTESFTRRERLRLRRDFLLIFKEGKSLQNEYFVVLFRKNGLDYSRLGIVVKRKFGKATRRNKLKRWVREIFRRNKGVIPKGFDIVVIPRKKLSEEFERVDFWTVREKLLNLLKRIEG,thermophile
MIRIKTPSEIEKMKKAGKAVAVALREVRKVIVPGKTAWDVETLVLEIFKKLRVKPAFKGYGGYKYATCVSVNEEVVHGLPLKEKVFKEGDIVSVDVGAVYQGLYGDAAVTYIVGETDERGKELVRVTREVLEKAIKMIKPGIRLGDVSHCIQETVESVGFNVIRDYVGHGVGRELHEDPQIPNYGTPGTGVVLRKGMTLAIEPMVSEGDWRVVVKEDGWTAVTVDGSRCAHFEHTILITENGAEILTKEG,thermophile
MWEFYMPTDVFFGEKILEKRGNIIDLLGKRALVVTGKSSSKKNGSLDDLKKLLDETEISYEIFDEVEENPSFDNVMKAVERYRNDSFDFVVGLGGGSPMDFAKAVAVLLKEKDLSVEDLYDREKVKHWLPVVEIPTTAGTGSEVTPYSILTDPEGNKRGCTLMFPVYAFLDPRYTYSMSDELTLSTGVDALSHAVEGYLSRKSTPPSDALAIEAMKIIHRNLPKAIEGNREARKKMFVASCLAGMVIAQTGTTLAHALGYPLTTEKGIKHGKATGMVLPFVMEVMKEEIPEKVDTVNHIFGGSLLKFLKELGLYEKVAVSSEELEKWVEKGSRAKHLKNTPGTFTPEKIRNIYREALGV,thermophile
MAYLEVLRYLYHKRPMGKVKPGLERISMLLSKLGNPHLEYKTIHIGGTNGKGSVANMVSNILVSQGYRVGSYYSPHLSTFRERIRLNEEYISEEDVVKIYETMEPILNELDKEEIFSPSFFEVVTAMAFLYFAEKNVDIAVLEVGLGGRLDATNVVFPLCSTIVTVDRDHEKTLGYTIEQIAWEKSGIIKERVPLVTGERKREALKVMEDVARKKSSRMYVIDKDFSVKVKSLKLHENRFDYCGENTFEDLVLTMNGPHQIENAGVALKTLEATGLPLSEKAIREGLKNAKNLGRFEILEKNGKMYILDGAHNPHGAESLVRSLKLYFNGEPLSLVIGILDDKNREDILRKYTGIFERVIVTRVPSPRMKDMNSLVDMAKKFFKNVEVIEDPLEAIESTERATVVTGSLFLVGYVREFLTTGKINEEWKL,thermophile
MEKTVIYLLEDGYVDFVVEKIRTKMEKLLEEKDKIFVVLAGGRTPLPVYEKLAEQKFPWNRIHFFLSDERYVPLDSDQSNFRNINEVLFSRAKIPSGNVHYVDTSLPIEKACEKYEREIRSATDQFDLAILGMGPDGHVASIFDLETGNKDNLVTFTDPSGDPKVPRVTLTFRALNTSLYVLFLIRGKEKINRLTEILKDTPLPAYFVRGKEKTVWFVGK,thermophile
MKAYAFGFPKIGEKREFKKALEDFWKGKITEEQFEEEMNKLRMYMVENYRKNVDVIPSNELSYYDFVLDTAVMVGAVPERFGEYRGLSTYFDMARGGKALEMTKFFNTNYHYLVPEIETEEFYLLENKPLEDYLFFKSKGIETAPWVIGPFTFLYLSKRNGEWIRRPNQMEKLLESLVSVYKEVFEKLVENGCKEILVNEPAFVCDLEKAHWDLILNVYRELSEFPLTVFTYYDSVSDYEACVSLPVKRLHFDFVSNEENLKNLEKHGFPEDKKLVAGVINGRQPWKVDLRKVASLVEKLGASAISNSCPLFHLPVTLELENNLPGGLKEKLAFAKEKLEELKMLKDFLEGKTFDLPNVSFEDFAVDLQAVERVRNLPEDSFRREKEYTERDRIQRERLNLPLFPTTTIGSFPQTPEVRKMRSKYRKGEISKEEYEAFIKEQIKKAIELQEEIGLDVLVHGEFERTDMVEFFAEKLNGIATTQNGWVLSYGSRCYRPPIIYGTVTRPEPMTLKEITYAQSLTEKPVKGMLTGPVTIMSWSYYREDIPEREIAYQIALAINEEVKDLEEAGIKIVQIDEPAFREKAPIKKSKWPEYFEWAINAFNLAANARPETQIHAHMCYSDFNEIIEYIHQLEFDVISIEASRSKGEIISAFENFKGWIKQIGVGVWDIHSPAVPSINEMREIVERVLRVLPKELIWINPDCGLKTRNWDEVIPSLRNMVALAKEMREKFES,thermophile
MFLKKLSKLLLVVLLVAVYTQVNAQTSITLTSNASGTFDGYYYELWKDTGNTTMTVYTQGRFSCQWSNINNALFRTGKKYNQNWQSLGTIRITYSATYNPNGNSYLCIYGWSTNPLVEFYIVESWGNWRPPGATSLGQVTIDGGTYDIYRTTRVNQPSIVGTATFDQYWSVRTSKRTSGTVTVTDHFRAWANRGLNLGTIDQITLCVEGYQSSGSANITQNTFSQGSSSGSSGGSSGSTTTTRIECENMSLSGPYVSRITNPFNGIALYANGDTARATVNFPASRNYNFRLRGCGNNNNLARVDLRIDGRTVGTFYYQGTYPWEAPIDNVYVSAGSHTVEITVTADNGTWDVYADYLVIQ,thermophile
MKTPRRRMRLAVFKALFQHEFRRDEDLEQILEEILDETYDKKAKEDARRYIRGIKENLSMIDDLISRYLEKWSLNRLSVVDRNVLRLATYELLFEKDIPIEVTIDEAIEIAKRYGTENSGKFVNGILDRIAKEHAPKEKFEL,thermophile
MLDKIELFILDMDGTFYLDDSLLPGSLEFLETLKEKNKRFVFFTNNSSLGAQDYVRKLRNMGVDVPDDAVVTSGEITAEHMLKRFGRCRIFLLGTPQLKKVFEAYGHVIDEENPDFVVLGFDKTLTYERLKKACILLRKGKFYIATHPDINCPSKEGPVPDAGSIMAAIEASTGRKPDLIAGKPNPLVVDVISEKFGVPKERMAMVGDRLYTDVKLGKNAGIVSILVLTGETTPEDLERAETKPDFVFKNLGELAKAVQ,thermophile
MAEFFPEIPKVQFEGKESTNPLAFKFYDPEEIIDGKPLKDHLKFSVAFWHTFVNEGRDPFGDPTADRPWNRYTDPMDKAFARVDALFEFCEKLNIEYFCFHDRDIAPEGKTLRETNKILDKVVERIKERMKDSNVKLLWGTANLFSHPRYMHGAATTCSADVFAYAAAQVKKALEITKELGGEGYVFWGGREGYETLLNTDLGFELENLARFLRMAVDYAKRIGFTGQFLIEPKPKEPTKHQYDFDVATAYAFLKSHGLDEYFKFNIEANHATLAGHTFQHELRMARILGKLGSIDANQGDLLLGWDTDQFPTNVYDTTLAMYEVIKAGGFTKGGLNFDAKVRRASYKVEDLFIGHIAGMDTFALGFKVAYKLVKDGVLDKFIEEKYRSFREGIGRDIVEGKVDFEKLEEYIIDKETIELPSGKQEYLESLINSYIVKTILELR,thermophile
MERKKLIAKFVEIASEKMGKDLETVDEENTFKELGFDSIDVIDLVMFFEDEFALRIEDEEISKIRKVKDLIDIVIKKLEEIDDEVSEG,thermophile
MKAVRVHILGSGGREHAIGWAFAKQGYEVHFYPGNAGTKRDGTNHPYEGEKTLKAIPEEDIVIPGSEEFLVEGVSNWRSNVFGPVKEVARLEGSKVYAKRFMKKYGIRTARFEVAETPEELREKIKKFSPPYVIKADGLARGKGVLILDSKEETIEKGSKLIIGELIKGVKGPVVIDEFLAGNELSAMAVVNGRNFVILPFVRDYKRLMDGDRGPNTGGMGSWGPVEIPSDTIKKIEELFDKTLWGVEKEGYAYRGFLYLGLMLHDGDPYILEYNVRLGDPETEVIVTLNPEGFVNAVLEGYRGGKMEPVEPRGFAVDVVLAARGYPDAPEKGKEITLPEEGLIFFAGVAEKDGKLVTNGGRVLHCMGTGETKEEARRKAYELAEKVHFEGKTYRRDIAL,thermophile
MWHIFERFVNEYERWFLVHRFAYLSELQAVKCLLPEGRGVEIGVGTGRFAVPLKIKIGVEPSERMAEIARKRGVFVLKGTAENLPLKDESFDFALMVTTICFVDDPERALKEAYRILKKGGYLIVGIVDRESFLGREYEKNKEKSVFYKNARFFSTEELMDLMRKAGFEEFKVVQTLFKHPSELSEIEPVKEGYGEGAFVVIRGTKK,thermophile
MQVPKVTLNNGVEMPILGYGVFQIPPEKTEECVYEAIKVGYRLIDTAASYMNEEGVGRAIKRAIDEGIVRREELFVTTKLWVSDVGYESTKKAFEKSLKKLQLEYIDLYLIHQPFGDVHCAWKAMEEMYKDGLVRAIGVSNFYPDRLMDLMVHHEIVPAVNQIEIHPFYQRQEEIEFMRNYNIQPEAWGPFAEGRKNIFQNGVLRSIAEKYGKTVAQVILRWLTQKGIVAIPKTVRRERMKENISIFDFELTQEDMEKIATLDEGQSAFFSHRDPEVVKWICSLKR,thermophile
MFKPNYHFFPITGWMNDPNGLIFWKGKYHMFYQYNPRKPEWGNICWGHAVSDDLVHWRHLPVALYPDDETHGVFSGSAVEKDGKMFLVYTYYRDPTHNKGEKETQCVAMSENGLDFVKYDGNPVISKPPEEGTHAFRDPKVNRSNGEWRMVLGSGKDEKIGRVLLYTSDDLFHWKYEGVIFEDETTKEIECPDLVRIGEKDILIYSITSTNSVLFSMGELKEGKLNVEKRGLLDHGTDFYAAQTFFGTDRVVVIGWLQSWLRTGLYPTKREGWNGVMSLPRELYVENNELKVKPVDELLALRKRKVFETAKSGTFLLDVKENSYEIVCEFSGEIELRMGNESEEVVITKSRDELIVDTTRSGVSGGEVRKSTVEDEATNRIRAFLDSCSVEFFFNDSIAFSFRIHPENVYNILSVKSNQVKLEVFELENIWL,thermophile
MKMKKYTKTHEWVSIEDKVATVGITNHAQEQLGDVVYVDLPEVGREVKKGEVVASIESVKAAADVYAPLSGKIVEVNEKLDTEPELINKDPEGEGWLFKMEISDEGELEDLLDEQAYQEFCAQE,thermophile
MSKIRIGIVGYGNLGRGVEAAIQQNPDMELVAVFTRRDPKTVAVKSNVKVLHVDDAQSYKDEIDVMILCGGSATDLPEQGPYFAQYFNTIDSFDTHARIPDYFDAVNAAAEQSGKVAIISVGWDPGLFSLNRLLGEVVLPVGNTYTFWGKGVSQGHSDAIRRIQGVKNAVQYTIPIDEAVNRVRSGENPELSTREKHARECFVVLEEGADPAKVEHEIKTMPNYFDEYDTTVHFISEEELKQNHSGMPHGGFVIRSGKSDEGHKQIIEFSLNLESNPMFTSSALVAYARAAYRLSQNGDKGAKTVFDIPFGLLSPKSPEDLRKELL,thermophile
MWLTKLVLNPASRAARRDLANPYEMHRTLSKAVSRALEEGRERLLWRLEPARGLEPPVVLVQTLTEPDWSVLDEGYAQVFPPKPFHPALKPGQRLRFRLRANPAKRLAATGKRVALKTPAEKVAWLERRLEEGGFRLLEGERGPWVQILQDTFLEVRRKKDGEEAGKLLQVQAVLFEGRLEVVDPERALATLRRGVGPGKALGLGLLSVAP,thermophile
MEGGIRVKRGLIVLIVILVLVVVIIGTTVGYYNYLVSLEQEVQEKYSQIQNQLQRRADLIPNLVETVKGYAAHEKEILEEIANARAKLIGAKTPQESAQADAELSSALSRLLAIAENYPNLKADANFRQLMDELAGTENRIAVARRDYNEAVKKYNTAIKKFPGVIFAKMFGFEEKQYFEAKPGAEEVPEVKF,thermophile
MVKRLLVLMLVVVSALVLSQTKLTIWCSEKQVDILQKLGEEFKAKYGIPVEVQYVDFGSIKSKFLTAAPQGQGADIIVGAHDWVGELAVNGLIEPIPNFSDLKNFYDTALKAFSYGGKLYGVPYAMEAVALIYNKDYVDSVPKTMDELIEKAKQIDEEYGGEVRGFIYDVANFYFSAPFILGYGGYVFKETPQGLDVTDIGLANEGAVKGAKLIKRMIDEGVLTPGDNYGTMDSMFKEGLAAMIINGLWAIKSYKDAGINYGVAPIPELEPGVPAKPFVGVQGFMINAKSPNKVIAMEFLTNFIARKETMYKIYLADPRLPARKDVLELVKDNPDVVAFTQSASMGTPMPNVPEMAPVWSAMGDALSIIINGQASVEDALKEAVEKIKAQIEK,thermophile
MSNKLLSALFAAGFAVMMMSSASFAADETLAEFHVEMGGCENCHADGEPSKDGAYEFEQCQSCHGSLAEMDDNHKPHDGLLMCADCHAPHEAKVGEKPTCDTCHDDGRTAK,thermophile
MKLSLVISTSDAAFDALAFKGDLRKGMELAKRVGYQAVEIAVRDPSIVDWNEVKILSEELNLPICAIGTGQAYLADGLSLTHPNDEIRKKAIERVVKHTEVAGMFGALVIIGLVRGRREGRSYEETEELFIESMKRLLELTEHAKFVIEPLNRYETDFINTIDDALRILRKINSNRVGILADTFHMNIEEVNIPESLKRAGEKLYHFHVADSNRWAPGCGHFDFRSVFNTLKEIGYNRYVSVECLPLPGGMEEAAEIAFKTLKELIIKLT,thermophile
MLFFIFMGILSILFAQEDVTVKSVTLITKVFPEGEKVCAVVIEYPVEIDGQKLSPDQFSVKVKTGDTYSSRTITKVYANNSGGLSFSIFNNRGKYVVLELSTEDLHSNTIVFGPNFLNTRMKLDYIVSQLVPIFDVDGNEVEPFTSKQTDEKHLIIDDFLAFTFKDPETGVEIPYRLFVPKDVNPDRKYPLVVFLHGAGERGTDNYLQVAGNRGAVVWAQPRYQVVHPCFVLAPQCPPNSSWSTLFTDRENPFNPEKPLLAVIKIIRKLLDEYNIDENRIYITGLSMGGYGTWTAIMEFPELFAAAIPICGGGDVSKVERIKDIPIWVFHAEDDPVVPVENSRVLVKKLAEIGGKVRYTEYEKGFMEKHGWDPHGSWIPTYENQEAIEWLFEQSR,thermophile
MKCCRIMFVLLGLWFVFGLSVPGGRTEAASLRANDAPIVLLHGFTGWGREEMFGFKYWGGVRGDIEQWLNDNGYRTYTLAVGPLSSNWDRACEAYAQLVGGTVDYGAAHAAKHGHARFGRTYPGLLPELKRGGRIHIIAHSQGGQTARMLVSLLENGSQEEREYAKAHNVSLSPLFEGGHHFVLSVTTIATPHDGTTLVNMVDFTDRFFDLQKAVLEAAAVASNVPYTSQVYDFKLDQWGLRRQPGESFDHYFERLKRSPVWTSTDTARYDLSVSGAEKLNQWVQASPNTYYLSFSTERTYRGALTGNHYPELGMNAFSAVVCAPFLGSYRNPTLGIDDRWLENDGIVNTVSMNGPKRGSSDRIVPYDGTLKKGVWNDMGTYNVDHLEIIGVDPNPSFDIRAFYLRLAEQLASLRP,thermophile
MSYRIVVDPKEVVKPISRHIYGHFTEHLGRCIYGGIYEEGSPLSDERGFRKDVLEAVKRIKVPNLRWPGGNFVSNYHWEDGIGPKDQRPVRFDLAWQQEETNRFGTDEFIEYCREIGAEPYISINMGTGTLDEALHWLEYCNGKGNTYYAQLRRKYGHPEPYNVKFWGIGNEMYGEWQVGHMTADEYARAAKEYTKWMKVFDPTIKAIAVGCDDPIWNLRVLQEAGDVIDFISYHFYTGSDDYYETVSTVYLLKERLIGVKKLIDMVDTARKRGVKIALDEWNVWYRVSDNKLEEPYDLKDGIFACGVLVLLQKMSDIVPLANLAQLVNALGAIHTEKDGLILTPVYKAFELIVNHSGEKLVKTHVESETYNIEGVMFINKMPFSVENAPFLDAAASISEDGKKLFIAVVNYRKEDALKVPIRVEGLGQKKATVYTLTGPDVNARNTMENPNVVDITSETITVDTEFEHTFKPFSCSVIEVELE,thermophile
MSTPKIIYTLTDEAPALATYSLLPIIKAFTGSSGIAVETRDISLAGRLIATFPEYLTDTQKISDDLAELGKLATTPDANIIKLPNISASVPQLKAAIKELQQQGYKLPDYPEEPKTDTEKDVKARYDKIKGSAVNPVLREGNSDRRAPLSVKNYARKHPHKMGAWSADSKSHVAHMDNGDFYGSEKAALIGAPGSVKIELIAKDGSSTVLKAKTSVQAGEIIDSSVMSKNALRNFIAAEIEDAKKQGVLLSVHLKATMMKVSDPIMFGQIVSEFYKDALTKHAEVLKQIGFDVNNGIGDLYARIKTLPEAKQKEIEADIQAVYAQRPQLAMVNSDKGITNLHVPSDVIVDASMPAMIRDSGKMWGPDGKLHDTKAVIPDRCYAGVYQVVIEDCKQHGAFDPTTMGSVPNVGLMAQKAEEYGSHDKTFQIPADGVVRVTDESGKLLLEQSVEAGDIWRMCQAKDAPIQDWVKLAVNRARATNTPAVFWLDPARAHDAQVIAKVERYLKDYDTSGLDIRILSPVEATRFSLARIREGKDTISVTGNVLRDYLTDLFPIMELGTSAKMLSIVPLMSGGGLFETGAGGSAPKHVQQFLEEGYLRWDSLGEFLALAASLEHLGNAYKNPKALVLASTLDQATGKILDNNKSPARKVGEIDNRGSHFYLALYWAQALAAQTEDKELQAQFTGIAKALTDNETKIVGELAAAQGKPVDIAGYYHPNTDLTSKAIRPSATFNAALAPLA,thermophile
MISMKPRYKPDWESLREHTVPKWFDKAKFGIFIHWGIYSVPGWATPTGELGKVPMDAWFFQNPYAEWYENSLRIKESPTWEYHVKTYGENFEYEKFADLFTAEKWDPQEWADLFKKAGAKYVIPTTKHHDGFCLWGTKYTDFNSVKRGPKRDLVGDLAKAVREAGLRFGVYYSGGLDWRFTTEPIRYPEDLSYIRPNTYEYADYAYKQVMELVDLYLPDVLWNDMGWPEKGKEDLKYLFAYYYNKHPEGSVNDRWGVPHWDFKTAEYHVNYPGDLPGYKWEFTRGIGLSFGYNRNEGPEHMLSVEQLVYTLVDVVSKGGNLLLNVGPKGDGTIPDLQKERLLGLGEWLRKYGDAIYGTSVWERCCAKTEDGTEIRFTRKCNRIFVIFLGIPTGEKIVIEDLNLSAGTVRHFLTGERLSFKNVGKNLEITVPKKLLETDSITLVLEAVEE,thermophile
MSEFLTPERTVYDSGVQFLRPKSLDEFIGQENVKKKLSLALEAAKMRGEVLDHVLLAGPPGLGKTTLAHIIASELQTNIHVTSGPVLVKQGDMAAILTSLERGDVLFIDEIHRLNKAVEELLYSAIEDFQIDIMIGKGPSAKSIRIDIQPFTLVGATTRSGLLSSPLRSRFGIILELDFYTVKELKEIIKRAASLMDVEIEDAAAEMIAKRSRGTPRIAIRLTKRVRDMLTVVKADRINTDIVLKTMEVLNIDDEGLDEFDRKILKTIIEIYRGGPVGLNALAASLGVEADTLSEVYEPYLLQAGFLARTPRGRIVTEKAYKHLKYEVPENRLF,thermophile
MMEEYLGVFVDETKEYLQNLNDTLLELEKNPEDMELINEAFRALHTLKGMAGTMGFSSMAKLCHTLENILDKARNSEIKITSDLLDKIFAGVDMITRMVDKIVSEGSDDIGENIDVFSDTIKSFASSGKEKPSEIKNETETKGEEEHKGESTSNEEVVVLPEEVAHVLQEARNKGFKTFYIKVILKEGTQLKSARIYLVFHKLEELKCEVVRTIPSVEEIEEEKFENEVELFVISPVDLEKLSEALSSIADIERVIIKEVTAVTEESGAEKRTEKEEKTEKTEEKAERKKVISQTVRVDIEKLDNLMDLMGELVIARSRILETLKKYNIKELDESLSHLSRITLDLQNVVMKIRMVPISFVFNRFPRMVRDLAKKMNKEVNFIMRGEDTELDRTFVEEIGEPLLHLLRNAIDHGIEPKEERIAKGKPPIGTLILSARHEGNNVVIEVEDDGRGIDKEKIIRKAIEKGLIDESKAATLSDQEILNFLFVPGFSTKEKVSEVSGRGVGMDVVKNVVESLNGSISIESEKDKGTKVTIRLPLTLAIIQALLVKVNNLVYAIPIANIDTILSISKEDIQRVQDRDVIVIRGEVIPVYRLWEVLQIEHKEELEEMEAVIVRVGNRKYGIVVDDLLGQDDIVIKSLGKVFSEVKEFSGAAILGDGSIALIINVSGIV,thermophile
MVDTHAHLHFHQFDDDRNAVISSFEENNIEFVVNVGVNLEDSKKSLDLSKTSDRIFCSVGVHPHDAKEVPEDFIEHLEKFAKDEKVVAIGETGLDFFRNISPAEVQKRVFVEQIELAGKLNLPLVVHIRDAYSEAYEILRTESLPEKRGVIHAFSSDYEWAKKFIDLGFLLGIGGPVTYPKNEALREVVKRVGLEYIVLETDCPFLPPQPFRGKRNEPKYLKYVVETISQVLGVPEAKVDEATTENARRIFLEVKE,thermophile
MAKYQVTKTLDVRGEVCPVPDVETKRALQNMKPGEILEVWIDYPMSKERIPETVKKLGHEVLEIEEVGPSEWKIYIKVK,thermophile
MNVRVLVVEDERDLADLITEALKKEMFTVDVCYDGEEGMYMALNEPFDVVILDIMLPVHDGWEILKSMRESGVNTPVLMLTALSDVEYRVKGLNMGADDYLPKPFDLRELIARVRALIRRKSESKSTKLVCGDLILDTATKKAYRGSKEIDLTKKEYQILEYLVMNKNRVVTKEELQEHLWSFDDEVFSDVLRSHIKNLRKKVDKGFKKKIIHTVRGIGYVARDE,thermophile
MYTREELMEIVSERVKKCTACPLHLNRTNVVVGEGNLDTRIVFVGEGPGEEEDKTGRPFVGRAGMLLTELLRESGIRREDVYICNVVKCRPPNNRTPTPEEQAACGHFLLAQIEIINPDVIVALGATALSFFVDGKKVSITKVRGNPIDWLGGKKVIPTFHPSYLLRNRSNELRRIVLEDIEKAKSFIKKEG,thermophile
MSKILVFGHQNPDSDAIGSSYAFAYLAREAYGLDTEAVALGEPNEETAFVLDYFGVAAPRVITSAKAEGAEQVILTDHNEFQQSVADIAEVEVYGVVDHHRVANFETANPLYMRLEPVGSASSIVYRMFKEHSVAVSKEIAGLMLSGLISDTLLLKSPTTHPTDKAIAPELAELAGVNLEEYGLAMLKAGTNLASKSAEELIDIDAKTFELNGNNVRVAQVNTVDIAEVLERQAEIEAAIEKAIADNGYSDFVLMITDIINSNSEILAIGSNMDKVEAAFNFVLENNHAFLAGAVSRKKQVVPQLTESFNA,thermophile
MPYFDNISTIAYEGPASKNPLAFKFYNPEEKVGDKTMEEHLRFSVAYWHTFTGDGSDPFGAGNMIRPWNKYSGMDLAKARVEAAFEFFEKLNIPFFCFHDVDIAPEGETLKETYKNLDIIVDMIEEYMKTSKTKLLWNTANLFTHPRFVHGAATSCNADVFAYAAAKVKKGLEIAKRLGAENYVFWGGREGYETLLNTDMKLELDNLARFLHMAVDYAKEIGFDGQFLIEPKPKEPTKHQYDFDVATALAFLQTYGLKDYFKFNIEANHATLAGHTFEHELRVARIHGMLGSVDANQGDMLLGWDTDEFPTDLYSTTLAMYEILKNGGLGRGGLNFDAKVRRGSFEPEDLFYAHIAGMDSFAVGLKVAHRLIEDRVFDEFIEERYKSYTEGIGREIVEGTADFHKLEAHALQLGEIQNQSGRQERLKTLLNQYLLEVCAAR,thermophile
MTTLEAFAKARSEGRAALIPYLTAGFPSREGFLQAVEEVLPYADLLEIGLPYSDPLGDGPVIQRASELALRKGMSVQGALELVREVRALTEKPLFLMTYLNPVLAWGPERFFGLFKQAGATGVILPDLPPDEDPGLVRLAQEIGLETVFLLAPTSTDARIATVVRHATGFVYAVSVTGVTGMRERLPEEVKDLVRRIKARTALPVAVGFGVSGKATAAQAAVADGVVVGSALVRALEEGRSLAPLLQEIRQGLQRLEANPGLKESSKKPLS,thermophile
MRKPIIAGNWKMHKTLAEAVQFVEDVKGHVPPADEVISVVCAPFLFLDRLVQAADGTDLKIGAQTMHFADQGAYTGEVSPVMLKDLGVTYVILGHSERRQMFAETDETVNKKVLAAFTRGLIPIICCGESLEEREAGQTNAVVASQVEKALAGLTPEQVKQAVIAYEPIWAIGTGKSSTPEDANSVCGHIRSVVSRLFGPEAAEAIRIQYGGSVKPDNIRDFLAQQQIDGPLVGGASLEPASFLQLVEAGRHE,thermophile
GSPGVEQHTKAFLEALEQGGGKPLEQLSPKDARAVLTGAQASVKVDLSGIEVKERTIQANGQSIKLQVVRPANVKGELPVFMFFHGGGWVLGDFPTHQRLIRDLVVGSGAVAVYVDYTPSPESHYPTAINQAYAATQWVAEHGKEIGVDGKRLAVAGNSVGGNMAAVVALKAKEAGTPALRFQLLLWPVTDASFETASYKQFADGHFLTTGMMKWFWDNYTTDAKAREQIYASPLRASSEQLKGLPPALVQTAEFDVLRDEGEAYARKLNAAGVTVTSVRYNGMIHDYGLLNPLSQVPAVKAAMRQAGTELKVHLQ,thermophile
MSQKFDVIVIGAGPGGYVAAIKSAQLGLKTALIEKYKGKEGKTALGGTCLNVGCIPSKALLDSSYKFHEAHESFKLHGISTGEVAIDVPTMIARKDQIVRNLTGGVASLIKANGVTLFEGHGKLLAGKKVEVTAADGSSQVLDTENVILASGSKPVEIPPAPVDQDVIVDSTGALDFQNVPGKLGVIGAGVIGLELGSVWARLGAEVTVLEAMDKFLPAVDEQVAKEAQKILTKQGLKILLGARVTGTEVKNKQVTVKFVDAEGEKSQAFDKLIVAVGRRPVTTDLLAADSGVTLDERGFIYVDDYCATSVPGVYAIGDVVRGAMLAHKASEEGVVVAERIAGHKAQMNYDLIPAVIYTHPEIAGVGKTEQALKAEGVAINVGVFPFAASGRAMAANDTAGFVKVIADAKTDRVLGVHVIGPSAAELVQQGAIAMEFGTSAEDLGMMVFAHPALSEALHEAALAVSGHAIHVANRKK,thermophile
MKTTLKMTALAALSAFVLAGCGSHQMKSEGHANMQLQQQAVLGLNWMQDSGEYKALAYQAYNAAKVAFDHAKVAKGKKKAVVADLDETMLDNSPYAGWQVQNNKPFDGKDWTRWVDARQSRAVPGAVEFNNYVNSHNGKVFYVTNRKDSTEKSGTIDDMKRLGFNGVEESAFYLKKDKSAKAARFAEIEKQGYEIVLYVGDNLDDFGNTVYGKLNADRRAFVDQNQGKFGKTFIMLPNANYGGWEGGLAEGYFKKDTQGQIKARLDAVQAWDGK,thermophile
MEKVNEILSQLTLEEKVKLVVGVGLPGLFGNPHSRVAGAAGETHPVPRVGLPAFVLADGPAGLRINPTRENDENTYYTTAFPVEIMLASTWNRELLEEVGKAMGEEVREYGVDVLLAPAMNIHRNPLCGRNFEYYSEDPVLSGEMASSFVKGVQSQGVGACIKHFVANNQETNRMVVDTIVSERALREIYLRGFEIAVKKSKPWSVMSAYNKLNGKYCSQNEWLLKKVLREEWGFEGFVMSDWYAGDNPVEQLKAGNDLIMPGKAYQVNTERRDEIEEIMEALKEGKLSEEVLDECVRNILKVLVNAPSFKNYRYSNKPDLEKHAKVAYEAGAEGVVLLRNEEALPLSENSKIALFGTGQIETIKGGTGSGDTHPRYAISILEGIKERGLNFDEELAKTYEDYIKKMRETEEYKPRRDSWGTIIKPKLPENFLSEKEIHKLAKKNDVAVIVISRISGEGYDRKPVKGDFYLSDDETDLIKTVSREFHEQGKKVIVLLNIGSPVEVVSWRDLVDGILLVWQAGQETGRIVADVLTGRINPSGKLPTTFPRDYSDVPSWTFPGEPKDNPQKVVYEEDIYVGYRYYDTFGVEPAYEFGYGLSYTTFEYSDLNVSFDGETLRVQYRIENTGGRAGKEVSQVYIKAPKGKIDKPFQELKAFHKTRLLNPGESEEVVLEIPVRDLASFNGEEWVVEAGEYEVRVGASSRNIKLKGTFSVGEERRFKP,thermophile
MSSSLKIASTQEARQYFDTDRVVVDAVGSDFTDVGAVIAMDYETDVIDAADATKFGIPVFAVTKDAQAISADELKKIFHIIDLENKFDATVNAREIETAVNNYEDSILPPFFKSLKEYVSRGLIQFDCPGHQGGQYYRKHPAGREFYDFFGETVFRADLCNADVALGDLLIHEGPAVAAEKHAARVYNADKTYFVLGGSSNANNTVTSALVSNGDLVLFDRNNHKSVYNSALAMAGGRPVYLQTNRNPYGFIGGIYDSDFDEKKIRELAAKVDPERAKWKRPFRLAVIQLGTYDGTIYNAHEVVKRIGHLCDYIEFDSAWVGYEQFIPMMRNSSPLLIDDLGPEDPGIIVVQSVHKQQAGFSQTSQIHKKDSHIKGQLRYCDHKHFNNSFNLFMSTSPFYPMYAALDVNAAMQEGEAGRKLWHDLLITTIEARKKLIKAGSMFRPFVPPVVNGKKWEDGDTEDMANNIDYWRFEKGAKWHAYEGYGDNQYYVDPNKFMLTTPGINPETGDYEDFGVPATIVANYLRDHGIIPEKSDLNSILFLMTPAETPAKMNNLITQLLQLQRLIEEDAPLKQVLPSIYAANEERYNGYTIRELCQELHDFYKNNNTFTYQKRLFLREFFPEQGMLPYEARQEFIRNHNKLVPLNKIEGEIALEGALPYPPGVFCVAPGEKWSETAVKYFTILQDGINNFPGFAPEIQGVYFKQEGDKVVAYGEVYDAEVAKNDDRYNN,thermophile
LADSIVPRQQWAAIEPRRQIKMNGRADEIFLWQTGPDTCSLMGLTADKCQGCLQDSSCTEQIVKALQDADFKEGNDDIKYNFLIDQDGVIYEGRGWGVVGQHTKGRDSHSIGVAVIGDFGKKEPSQALQDALSKLIICGQAAEELSSGARLRTTPAMSGQAFYDMLDRCDGLCLDD,thermophile
MAIHAVCVLKGDSPVTGTIHLKEEGDMVTVTGEITGLTPGKHGFHVHEFGDNTNGCTSAGGHFNPHGKEHGAPEDENRHAGDLGNVVAGEDGKAVINMKDKLVKLTGPDSVIGRTLVVHVDEDDLGRGGHEQSKITGNAGGRLACGVIGITKE,thermophile
MLKSALLLGAAAVSVQSASIPTIPANLEPRQIRSLCELYGYWSGNGYELLNNLWGKDTATSGWQCTYLDGTNNGGIQWSTAWEWQGAPDNVKSYPYVGKQIQRGRKISDINSMRTSVSWTYDRTDIRANVAYDVFTARDPDHPNWGGDYELMIWLARYGGIYPIGTFHSQVNLAGRTWDLWTGYNGNMRVYSFLPPSGDIRDFSCDIKDFFNYLERNHGYPAREQNLIVYQVGTECFTGGPARFTCRDFRADLW,thermophile
ALQYKGVDWSSVMVEERAGVRYKNVNGQEKPLEYILAENGVNMVRQRVWVNPWDGNYNLDYNIQLARRAKAAGLGLYINFHYSDTWADPAHQTTPAGWPSDINNLAWKLYNYTLDSMNRFADAGIQVDIVSIGNEITQGLLWPLGKTNNWYNIARLLHSAAWGVKDSRLNPKPKIMVHLDNGWNWDTQNWWYTNVLSQGPFEMSDFDMMGVSFYPFYSASATLDSLRRSLNNMVSRWGKEVAVVETNWPTSCPYPRYQFPADVRNVPFSAAGQTQYIQSVANVVSSVSKGVGLFYWEPAWIHNANLGSSCADNTMFTPSGQALSSLSVFHRI,thermophile
MKTFTSALALVVGMLAPGAVVAAPPSTPAQRDLVELREARQEGGKDLRPREPTCNTPSNRACWSDGFDINTDYEVSTPDTGVTQSYVFNLTEVDNWMGPDGVVKEKVMLINGNIMGPNIVANWGDTVEVTVINNLVTNGTSIHWHGIHQKDTNLHDGANGVTECPIPPKGGQRTYRWRARQYGTSWYHSHFSAQYGNGVVGTIQINGPASLPYDIDLGVFPITDYYYRAADDLVHFTQNNAPPFSDNVLINGTAVNPNTGEGQYANVTLTPGKRHRLRILNTSTENHFQVSLVNHTMTVIAADMVPVNAMTVDSLFLAVGQRYDVVIDASRAPDNYWFNVTFGGQAACGGSLNPHPAAIFHYAGAPGGLPTDEGTPPVDHQCLDTLDVRPVVPRSVPVNSFVKRPDNTLPVALDLTGTPLFVWKVNGSDINVDWGKPIIDYILTGNTSYPVSDNIVQVDAVDQWTYWLIENDPEGPFSLPHPMHLHGHDFLVLGRSPDVPAASQQRFVFDPAVDLARLNGDNPPRRDTTMLPAGGWLLLAFRTDNPGAWLFHCHIAWHVSGGLSVDFLERPADLRQRISQEDEDDFNRVCDEWRAYWPTNPYPKIDSGLKRRRWVEESEWLVR,thermophile
MVHLTSALLVAGAAFAAAAPMNHIFERQDTCSVSDNYPTVNSAKLPDPFTTASGEKVTTKDQFECRRAEINKILQQYELGEYPGPPDSVEASLSGNSITVRVTVGSKSISFSASIRKPSGAGPFPAIIGIGGASIPIPSNVATITFNNDEFGAQMGSGSRGQGKFYDLFGRDHSAGSLTAWAWGVDRLIDGLEQVGAQASGIDTKRLGVTGCSRNGKGAFITGALVDRIALTIPQESGAGGAACWRISDQQKAAGANIQTAAQIITENPWFSRNFDPHVNSITSVPQDHHLLAALIVPRGLAVFENNIDWLGPVSTTGCMAAGRLIYKAYGVPNNMGFSLVGGHNHCQFPSSQNQDLNSYINYFLLGQGSPSGVEHSDVNVNVAEWAPWGAGAPTLA,thermophile
MKNLIFLTMFLTILLQTNANNLVETTCKNTPNYQLCLKTLLSDKRSATGDITTLALIMVDAIKAKANQAAVTISKLRHSNPPAAWKGPLKNCAFSYKVILTASLPEAIEALTKGDPKFAEDGMVGSSGDAQECEEYFKGSKSPFSALNIAVHELSDVGRAIVRNLL,thermophile
MLFSKISSAILLTAASFALTSARPVSKQSDADDKLLALPLTSVNRKYSQTKHGQQAAEKLGGIKAFAEGDGSVDTPGLYDFDLEEYAIPVSIGTPGQDFYLLFDTGSSDTWVPHKGCDNSEGCVGKRFFDPSSSSTFKETDYNLNITYGTGGANGIYFRDSITVGGATVKQQTLAYVDNVSGPTAEQSPDSELFLDGMFGAAYPDNTAMEAEYGDTYNTVHVNLYKQGLISSPVFSVYMNTNDGGGQVVFGGANNTLLGGDIQYTDVLKSRGGYFFWDAPVTGVKIDGADAVSFDGAQAFTIDTGTNFFIAPSSFAEKVVKAALPDATESQQGYTVPCSKYQDSKTTFSLVLQKSGSSSDTIDVSVPISKMLLPVDKSGETCMFIVLPDGGNQFIVGNLFLRFFVNVYDFGKNRIGFAPLASGYENN,thermophile
LPEQIDWRKKGAVTPVKNQGSCGSCWAFSTVSTVESINQIRTGNLISLSEQELVDCDKKNHGCLGGAFVFAYQYIINNGGIDTQANYPYKAVQGPCQAASKVVSIDGYNGVPFCNEXALKQAVAVQPSTVAIDASSAQFQQYSSGIFSGPCGTKLNHGVTIVGYQANYWIVRNSWGRYWGEKGYIRMLRVGGCGLCGIARLPYYPTKA,thermophile
MLRRALLLSSSAILAVKAQQAGTATAENHPPLTWQECTAPGSCTTQNGAVVLDANWRWVHDVNGYTNCYTGNTWDPTYCPDDETCAQNCALDGADYEGTYGVTSSGSSLKLNFVTGSNVGSRLYLLQDDSTYQIFKLLNREFSFDVDVSNLPCGLNGALYFVAMDADGGVSKYPNNKAGAKYGTGYCDSQCPRDLKFIDGEANVEGWQPSSNNANTGIGDHGSCCAEMDVWEANSISNAVTPHPCDTPGQTMCSGDDCGGTYSNDRYAGTCDPDGCDFNPYRMGNTSFYGPGKIIDTTKPFTVVTQFLTDDGTDTGTLSEIKRFYIQNSNVIPQPNSDISGVTGNSITTEFCTAQKQAFGDTDDFSQHGGLAKMGAAMQQGMVLVMSLWDDYAAQMLWLDSDYPTDADPTTPGIARGTCPTDSGVPSDVESQSPNSYVTYSNIKFGPINSTFTAS,thermophile
DTFPGTNGLDFTIDGTAGYFAGSNAYWLAFLTNNDDVDKVLGDAESSGLRIMRVWGFNDVNTVPSSGTVYFQLLQDGTATINTGSDGLERLDYVVSSAEQHNVKLIINFVNNWSDYGGIPAYVNAFGGSTTSWYTDEASQAAYRNYIKTVVSRYIDSPAVFAWELANEPRCHGCDTSVIYNWVAATSSFIKSIDSQHLVCIGDEGLGLDIDSDGSYPYSYYEGTNFTLNLGVDTIDFGTFHLYPSSWGVSNSFGSPWVTAHGAACAAAGKPCLFEEYGVTSDKCSVEGGWQQTALDTRGIGADSFWQFGDTLSTGQSPNDGYTIYYGTDDYTCLVTDRVASI,thermophile
MKLGSLVLALSAARLTLSAPLADRKQETKRAKVFQWFGSNESGAEFGSQNLPGVEGKDYIWPDPNTIDTLISKGMNIFRVPFMMERLVPNSMTGSPDPNYLADLIATVNAITQKGAYAVVDPHNYGRYYNSIISSPSDFQTFWKTVASQFASNPLVIFDTNNEYHDMDQTLVLNLNQAAIDGIRSAGATSQYIFVEGNSWTGAWTWTNVNDNMKSLTDPSDKIIYEMHQYLDSDGSGTSATCVSSTIGQERITSATQWLRANGKKGIIGEFAGGANDVCETAITGMLDYMAQNTDVWTGAIWWAAGPWWGDYIFSMEPDNGIAYQQILPILTPYL,thermophile
ALTYRGVDWSSVVVEERAGVSYKNTNGNAQPLENILAANGVNTVRQRVWVNPADGNYNLDYNIAIAKRAKAAGLGVYIDFHYSDTWADPAHQTMPAGWPSDIDNLSWKLYNYTLDAANKLQNAGIQPTIVSIGNEIRAGLLWPTGRTENWANIARLLHSAAWGIKDSSLSPKPKIMIHLDNGWDWGTQNWWYTNVLKQGTLELSDFDMMGVSFYPFYSSSATLSALKSSLDNMAKTWNKEIAVVETNWPISCPNPRYSFPSDVKNIPFSPEGQTTFITNVANIVSSVSRGVGLFYWEPAWIHNANLGSSCADNTMFSQSGQALSSLSVFQRI,thermophile
MAKFFLTAAFAAAALAAPVVEERQNCAPTWGQCGGIGFNGPTCCQSGSTCVKQNDWYSQCLPGSQVTTTSTTSTSSSSTTSRATSTTRTGGVTSITTAPTRTVTIPGGATTTASYNGNPFEGVQLWANNYYRSEVHTLAIPQITDPALRAAASAVAEVPSFQWLDRNVTVDTLLVETLSEIRAANQAGANPPYAAQIVVYDLPDRDCAAAASNGEWAIANNGANNYKGYINRIREILISFSDVRTILVIEPDSLANMVTNMNVAKCSGAASTYRELTIYALKQLDLPHVAMYMDAGHAGWLGWPANIQPAAELFAKIYEDAGKPRAVRGLATNVANYNAWSISSPPPYTSPNPNYDEKHYIEAFRPLLEARGFPAQFIVDQGRSGKQPTGQKEWGHWCNAIGTGFGMRPTANTGHQYVDAFVWVKPGGECDGTSDTTAARYDYHCGLEDALKPAPEAGQWFQAYFEQLLRNANPPF,thermophile
MVELSKKVTGKLDKTTPGIQIWRIENMEMVPVPTKSYGNFYEGDCYVLLSTRKTGSGFSYNIHYWLGKNSSQDEQGAAAIYTTQMDEYLGSVAVQHREVQGHESETFRAYFKQGLIYKQGGVASGMKHVETNTYNVQRLLHVKGKKNVVAAEVEMSWKSFNLGDVFLLDLGQLIIQWNGPESNRAERLRAMTLAKDIRDRERAGRAKVGVVEGENEAASPELMQALTHVLGEKKNIKAATPDEQVHQALNSALKLYHVSDASGNLVIQEVAIRPLTQDMLQHEDCYILDQAGLKIFVWKGKNANKEEKQQAMSRALGFIKAKNYLASTSVETENDGSESAVFRQLFQKWTVPNQTSGLGKTHTVGKVAKVEQVKFDATTMHVKPEVAAQQKMVDDGSGEAEVWRVENQELVPVEKRWLGHFYGGDCYLVLYTYYVGPKVNRIIYIWQGRHASTDELAASAYQAVFLDQKYNNEPVQVRVTMGKEPAHLMAIFKGKMVVYENGSSRAGGTEPASSTRLFHVHGTNEYNTKAFEVPVRAASLNSNDVFVLKTPSSCYLWYGKGCSGDEREMGKMVADIISKTEKPVVAEGQEPPEFWVALGGKTSYANSKRLQEENPSVPPRLFECSNKTGRFLATEIVDFTQDDLDENDVYLLDTWDQIFFWIGKGANESEKEAAAETAQEYLRSHPGSRDLDTPIIVVKQGFEPPTFTGWFMAWDPLCWSDRKSYDELKAELGDNASIGQLVSGLTSKNEVFTATTTLVPTKLETFPLDVLVNTAAEDLPRGVDPSRKENHLSDEDFKAVFGMTRSAFANLPLWKQQNLKKEKGLF,thermophile
MVHATSPLLLLLLLSLALVAPGLSARKCSLTGKWTNDLGSNMTIGAVNSRGEFTGTYITAVTATSNEIKESPLHGTQNTINKRTQPTFGFTVNWKFSESTTVFTGQCFIDRNGKEVLKTMWLLRSSVNDIGDDWKATRVGINIFTRLRTQKE,thermophile
MAGQFAAKRLGKELQKIRNSLPPGIELVSADNFEEWLLDIRVLDDNPLYANQTYRLRFRFGSTYPIEPPEVVFVKSADRPIPIHPHIYSNGIICLDLLGHQGWSPVQNVESVCMSLQTPRLPTPTWIHNHQTPHGGLVSMAPRAGFDAEQVRDKARKDLLHLLEGVRGKKNLVIEKDLAGPLGVIVKASTLRDYGVDNFFFLENKNTGTSQRNIVFIARGESVRNAHAIAAQIKRIQRESQTSHDFHIFWVPRRTLFSDKVLEEAGVLGDANISELPLYFFPLERDVLSLELNDSFRDLYLAKDPTPVFLLSRALMGIQKKHGLFPRIIGKGENAKRVADLLSRMRQELLAGEEAGESDRAGLSPSTTIESVIIIDREVDFVTPLLTQLTYEGLIDEYFGIQNNQTDVDAVIVGAPAQSAASTSTAVPTNSSQSRKRKIQLDGSDSLYSQLRDANFAIVGSLLNTVARRLKSDYESRHNTKTTAELKEFVKKLPGYQAEQQSLKIHSNIAEEIINYTRTEIFNKLLEVQQNLAAGADPSSQFDSIEELVARDTPLPQVLRLLCLYSCISGGIKTKELDHFRRLVLQGYGHQHLLTLHNLERLQMFLSKSSPLASMITMSGSSGGPDQKTNYTYLRKQLRLIVDEVNEQDPNDIAYVYSGYAPLSIRLVQCVLQKQYLLSITKGSGTVIAAGPVAGGGAQGWKGFEEIVKHARGPTFDEIQKGEDKAVKARALLSGSSGDKKTVFVVFVGGITFTEIAALRFIAKQEEARRNIVICTTSIINGNRMMNAAIETATFEKTTVTTAAAQ,thermophile
MAGQFAAKRLGKELQKIRNSLPPGIELVSADNFEEWLLDIRVLDDNPLYANQTYRLRFRFGSTYPIEPPEVVFVKSADRPIPIHPHIYSNGIICLDLLGHQGWSPVQNVESVCMSLQTPRLPTPTWIHNHQTPHGGLVSMAPRAGFDAEQVRDKARKDLLHLLEGVRGKKNLVIEKDLAGPLGVIVKASTLRDYGVDNFFFLENKNTGTSQRNIVFIARGESVRNAHAIAAQIKRIQRESQTSHDFHIFWVPRRTLFSDKVLEEAGVLGDANISELPLYFFPLERDVLSLELNDSFRDLYLAKDPTPVFLLSRALMGIQKKHGLFPRIIGKGENAKRVADLLSRMRQELLAGEEAGESDRAGLSPSTTIESVIIIDREVDFVTPLLTQLTYEGLIDEYFGIQNNQTDVDAVIVGAPAQSAASTSTAVPTNSSQSRKRKIQLDGSDSLYSQLRDANFAIVGSLLNTVARRLKSDYESRHNTKTTAELKEFVKKLPGYQAEQQSLKIHSNIAEEIINYTRTEIFNKLLEVQQNLAAGADPSSQFDSIEELVARDTPLPQVLRLLCLYSCISGGIKTKELDHFRRLVLQGYGHQHLLTLHNLERLQMFLSKSSPLASMITMSGSSGGPDQKTNYTYLRKQLRLIVDEVNEQDPNDIAYVYSGYAPLSIRLVQCVLQKQYLLSITKGSGTVIAAGPVAGGGAQGWKGFEEIVKHARGPTFDEIQKGEDKAVKARALLSGSSGDKKTVFVVFVGGITFTEIAALRFIAKQEEARRNIVICTTSIINGNRMMNAAIETATFEKTTVTTAAAQ,thermophile
MKLSTILFTACATLAAALPSPITPSEAAVLQKRVYTSTETSHIDQESYNFFEKYARLANIGYCVGPGTKIFKPFNCGLQCAHFPNVELIEEFHDPRLIFDVSGYLAVDHASKQIYLVIRGTHSLEDVITDIRIMQAPLTNFDLAANISSTATCDDCLVHNGFIQSYNNTYNQIGPKLDSVIEQYPDYQIAVTGHSLGGAAALLFGINLKVNGHDPLVVTLGQPIVGNAGFANWVDKLFFGQENPDVSKVSKDRKLYRITHRGDIVPQVPFWDGYQHCSGEVFIDWPLIHPPLSNVVMCQGQSNKQCSAGNTLLQQVNVIGNHLQYFVTEGVCGI,thermophile
MTDITANVVVSNPRPIFTESRSFKAVANGKIYIGQIDTDPVNPANQIPVYIENEDGSHVQITQPLIINAAGKIVYNGQLVKIVTVQGHSMAIYDANGSQVDYIANVLKYDPDQYSIEADKKFKYSVKLSDYPTLQDAASAAVDGLLIDRDYNFYGGETVDFGGKVLTIECKAKFIGDGNLIFTKLGKGSRIAGVFMESTTTPWVIKPWTDDNQWLTDAAAVVATLKQSKTDGYQPTVSDYVKFPGIETLLPPNAKGQNITSTLEIRECIGVEVHRASGLMAGFLFRGCHFCKMVDANNPSGGKDGIITFENLSGDWGKGNYVIGGRTSYGSVSSAQFLRNNGGFERDGGVIGFTSYRAGESGVKTWQGTVGSTTSRNYNLQFRDSVVIYPVWDGFDLGADTDMNPELDRPGDYPITQYPLHQLPLNHLIDNLLVRGALGVGFGMDGKGMYVSNITVEDCAGSGAYLLTHESVFTNIAIIDTNTKDFQANQIYISGACRVNGLRLIGIRSTDGQGLTIDAPNSTVSGITGMVDPSRINVANLAEEGLGNIRANSFGYDSAAIKLRIHKLSKTLDSGALYSHINGGAGSGSAYTQLTAISGSTPDAVSLKVNHKDCRGAEIPFVPDIASDDFIKDSSCFLPYWENNSTSLKALVKKPNGELVRLTLATL,thermophile
MTDITANVVVSNPRPIFTESRSFKAVANGKIYIGQIDTDPVNPANQIPVYIENEDGSHVQITQPLIINAAGKIVYNGQLVKIVTVQGHSMAIYDANGSQVDYIANVLKYDPDQYSIEADKKFKYSVKLSDYPTLQDAASAAVDGLLIDRDYNFYGGETVDFGGKVLTIECKAKFIGDGNLIFTKLGKGSRIAGVFMESTTTPWVIKPWTDDNQWLTDAAAVVATLKQSKTDGYQPTVSDYVKFPGIETLLPPNAKGQNITSTLEIRECIGVEVHRASGLMAGFLFRGCHFCKMVDANNPSGGKDGIITFENLSGDWGKGNYVIGGRTSYGSVSSAQFLRNNGGFERDGGVIGFTSYRAGESGVKTWQGTVGSTTSRNYNLQFRDSVVIYPVWDGFDLGADTDMNPELDRPGDYPITQYPLHQLPLNHLIDNLLVRGALGVGFGMDGKGMYVSNITVEDCAGSGAYLLTHESVFTNIAIIDTNTKDFQANQIYISGACRVNGLRLIGIRSTDGQGLTIDAPNSTVSGITGMVDPSRINVANLAEEGLGNIRANSFGYDSAAIKLRIHKLSKTLDSGALYSHINGGAGSGSAYTQLTAISGSTPDAVSLKVNHKDCRGAEIPFVPDIASDDFIKDSSCFLPYWENNSTSLKALVKKPNGELVRLTLATL,thermophile
MTDITANVVVSNPRPIFTESRSFKAVANGKIYIGQIDTDPVNPANQIPVYIENEDGSHVQITQPLIINAAGKIVYNGQLVKIVTVQGHSMAIYDANGSQVDYIANVLKYDPDQYSIEADKKFKYSVKLSDYPTLQDAASAAVDGLLIDRDYNFYGGETVDFGGKVLTIECKAKFIGDGNLIFTKLGKGSRIAGVFMESTTTPWVIKPWTDDNQWLTDAAAVVATLKQSKTDGYQPTVSDYVKFPGIETLLPPNAKGQNITSTLEIRECIGVEVHRASGLMAGFLFRGCHFCKMVDANNPSGGKDGIITFENLSGDWGKGNYVIGGRTSYGSVSSAQFLRNNGGFERDGGVIGFTSYRAGESGVKTWQGTVGSTTSRNYNLQFRDSVVIYPVWDGFDLGADTDMNPELDRPGDYPITQYPLHQLPLNHLIDNLLVRGALGVGFGMDGKGMYVSNITVEDCAGSGAYLLTHESVFTNIAIIDTNTKDFQANQIYISGACRVNGLRLIGIRSTDGQGLTIDAPNSTVSGITGMVDPSRINVANLAEEGLGNIRANSFGYDSAAIKLRIHKLSKTLDSGALYSHINGGAGSGSAYTQLTAISGSTPDAVSLKVNHKDCRGAEIPFVPDIASDDFIKDSSCFLPYWENNSTSLKALVKKPNGELVRLTLATL,thermophile
AASITLTVQARLLLSGIVQQQNNLLRAIEAQQHLLQLTVWGIKQLQARVLAVERYLKDQQ,thermophile
RLLQRIKQQEDKLEETLSKIYHLENEIARVKKLLGER,thermophile
MGEIYTETLQQTYAWTAGTNIPIKIPRNNFIRKIRVQLIGSISNSGTAAVTLPSAPFPYNLVQTFNLSYEGSKTLYSVSGTGLGILMYYTTKGQNPAYPAPGTSVPASGSVNLNVMWEFDLARFPATMVQNIILSILTGQAPSGVSINASFYITITYERVTAQEILSEGGLGADGEMPLATVLPKVIEIPTFNVPASSAPIHVAYLQPGQIYKRQLVYVINSTSGINNTDPTEYELKIVRGVPTDKIKVSWAALQAENQAEYQVAPYSGASAIIDFRKYFNGDLDLTHAPSDSIEYDLALQNQDNVYSLYVSYVLPYYDQLAALPAQVAAIVQQYVARQKRRIKR,thermophile
MVESKKIAKKKTTLAFDEDVYHTLKLVSVYLNRDMTEIIEEAVVMWLIQNKEKLPNELKPKIDEISKRFFPAK,thermophile
MKKKSCFTLVTTFAFSLIFSVSALAGSVFWEPLSYFNRSTWEKADGYSNGGVFNCTWRANNVNFTNDGKLKLGLTSSAYNKFDCAEYRSTNIYGYGLYEVSMKPAKNTGIVSSFFTYTGPAHGTQWDEIDIEFLGKDTTKVQFNYYTNGVGGHEKVISLGFDASKGFHTYAFDWQPGYIKWYVDGVLKHTATANIPSTPGKIMMNLWNGTGVDDWLGSYNGANPLYAEYDWVKYTSN,thermophile
MGAHASVIKPEMKIKLRMEGAVNGHKFVIEGEGIGKPYEGTQTLDLTVKEGAPLPFSYDILTPAFQYGNRAFTKYPKDIPDYFKQAFPEGYSWERSMTYEDQGICIATSDITMEGDCFFYKIRFDGTNFPPNGPVMQKKTLKWEPSTEKMYVRDGVLKGDVNMALLLEGGGHYRCDFKTTYKAKKDVRLPDAHEVDHRIEILSHDKDYNKVRLYEHAEARYSMLPSQAKPIPNPLLGLDSTHHHHHH,thermophile
MSKLDIPLSIMQKSVVIRPGGRQEMDEHVAIETPYAIALNDRVIGSSMVLPVDLEEFGAGFLFGQGYIKKAEEIREILVCPQGRISVYADVENEEPREVIITSGCGGTGKIPKEMLEGEFAPLADYCLPFAEIKSFIREALHSSPLGPQTHCVHGCGLWNNGRLQVYHEDVGRHNAVDKVLGSILLGRASNNSAVYTTGRLTSDMVLKCARIGIPIIMSRTSPSSLGLALAKRSGATLVAYSRPERINVFNAPERILT,non-thermophile
MALLEIIHYPSKILRTISKEVVSFDAKLHQQLDDMYETMIASEGIGLAAIQVGLPLRMLIINLPQEDGVQHKEDCLEIINPKFIETGGSMMYKEGCLSVPGFYEEVERFEKVKIEYQNRFAEVKVLEASELLAVAIQHEIDHLNGVLFVDKLSILKRKKFEKELKELQKKQKHK,non-thermophile
MATKKATMIIEKDFKIAEIDKRIYGSFIEHLGRAVYGGIYEPGHPQADENGFRQDVIELVKELQVPIIRYPGGNFVSGYNWEDGVGPKEQRPRRLDLAWKSVETNEIGLNEFMDWAKMVGAEVNMAVNLGTRGIDAARNLVEYCNHPSGSYYSDLRIAHGYKEPHKIKTWCLGNEMDGPWQIGHKTAVEYGRIACEAAKVMKWVDPTIELVVCGSSNRNMPTFAEWEATVLDHTYDHVDYISLHQYYGNRDNDTANYLALSLEMDDFIRSVVAIADYVKAKKRSKKTIHLSFDEWNVWYHSNEADKLIEPWTVAPPLLEDIYNFEDALLVGCMLITLMKHADRVKIACLAQLVNVIAPIMTEKNGPAWKQTIYYPFMHASVYGRGVALHPVISSPKYDSKDFTDVPYLESIAVYNEEKEEVTIFAVNRDMEDALLLECDVRSFEDYRVIEHIVLEHDNVKQTNSAQSSPVVPHRNGDAQLSDRKVSATLPKLSWNVIRLGKR,non-thermophile
MMKGCRVMVVLLGLCFVFGLSVPGGRTEAASLRANDAPIVLLHGFTGWGREEMFGFKYWGGVRGDIEQWLNDNGYRTYTLAVGPLSSNWDRACEAYAQLVGGTVDYGAAHAAKHGHARFGRTYPGLLPELKRGGRIHIIAHSQGGQTARMLVSLLENGSQEEREYAKAHNVSLSPLFEGGHHFVLSVTTIATPHDGTTLVNMVDFTDRFFDLQKAVLEAAAVASNVPYTSQVYDFKLDQWGLRRQPGESFDHYFERLKRSPVWTSTDTARYDLSVSGAEKLNQWVQASPNTYYLSFSTERTYRGALTGNHYPELGMNAFSAVVCAPFLGSYRNPTLGIDSHWLENDGIVNTISMNGPKRGSNDRIVPYDGTLKKGVWNDMGTYNVDHLEIIGVDPNPSFDIRAFYLRLAEQLASLQP,non-thermophile
MKMKMKLASFGLAAGLAAQVFLPYNALASTEHVTWNQQFQTPQFISGDLLKVNGTSPEELVYQYVEKNENKFKFHENAKDTLQLKEKKNDNLGFTFMRFQQTYKGIPVFGAVVTSHVKDGTLTALSGTLIPNLDTKGSLKSGKKLSEKQARDIAEKDLVANVTKEVPEYEQGKDTEFVVYVNGDEASLAYVVNLNFLTPEPGNWLYIIDAVDGKILNKFNQLDAAKPGDVKSITGTSTVGVGRGVLGDQKNINTTYSTYYYLQDNTRGNGIFTYDAKYRTTLPGSLWADADNQFFASYDAPAVDAHYYAGVTYDYYKNVHNRLSYDGNNAAIRSSVHYSQGYNNAFWNGSQMVYGDGDGQTFIPLSGGIDVVAHELTHAVTDYTAGLIYQNESGAINEAISDIFGTLVEFYANKNPDWEIGEDVYTPGISGDSLRSMSDPAKYGDPDHYSKRYTGTQDNGGVHINSGIINKAAYLISQGGTHYGVSVVGIGRDKLGKIFYRALTQYLTPTSNFSQLRAAAVQSATDLYGSTSQEVASVKQAFDAVGVK,non-thermophile
MSGMELSYRRSDLIFKRPAGTSRGVLTSKPTWFVRLDIDGHGGQGEVSLIPGLSLDPEEQIGRELDLLARRLRAEEPIRLRQFLAERGGADFSDYRSVLTDIAGILDSWQVSTDGRFPALRFALEMALLDLLSGGRQEWFASDFTRGEKRIPVNGLIWMGEAAFMQEQIEAKLAEGYGCLKLKIGAIDFDKECALLAGIRESFSPQQLEIRVDANGAFSPANAPQRLKRLSQFHLHSIEQPIRQHQWSEMAALCANSPLAIALDEELIGLGAEQRSAMLDAIRPQYIILKPSLLGGFHYAGQWIELARERGIGFWITSALESNLGLAAIAQWTALYQPTMPQGLGTGQLYTNNLPSNLAVDGGLLGVS,non-thermophile
MDRLDFSIKLLRKVGHLLMIHWGRVDNVEKKTGFKDIVTEIDREAQRMIVDEIRKFFPDENIMAEEGIFEKGDRLWIIDPIDGTINFVHGLPNFSISLAYVENGEVKLGVVHAPALNETLYAEEGSGAFFNGERIRVSENASLEECVGSTGSYVDFTGKFIERMEKRTRRIRILGSAALNAAYVGAGRVDFFVTWRINPWDIAAGLIIVKEAGGMVTDFSGKEANAFSKNFIFSNGLIHDEVVKVVNEVVEEIGGK,non-thermophile
MGIDELYKKEFGIVAGVDEAGRGCLAGPVVAAAVVLEKEIEGINDSKQLSPAKRERLLDEIMEKAAVGIGIASPEEIDLYNIFNATKLAMNRALENLSVKPSFVLVDGKGIELSVPGTCLVKGDQKSKLIGAASIVAKVFRDRLMSEFHRMYPQFSFHKHKGYATKEHLNEIRKNGVLPIHRLSFEPVLELLTDDLLREFFEKGLISENRFERILNLLGARKSVVFRKERTNHNLPLF,non-thermophile
MEYHVAKTGSDEGKGTLKDPFLTINKAASVAMAGDTIIVHEGVYREWVKPKYKGLSDKRRITYKAAEGEKVVIKGSERIQSWQRVEGNVWRCQLPNSFFGEFNPYKEEVFGDWLLTVNEKKHLGDVYLNGMSFYEVTNYEDLFNPQLRTEVLDHWTQKIVPIKNAEQTKYVWYAEVDREKTTIYANFQGADPNEEFVEINVRRSCFYPVETGIDYITVKGFEMAHAATPWAPPTADQPGLIGPNWSKGWIIEDNIIHDAKCSAISIGKEATTGNNYRSIRKDKPGYQYQLEAVFNAKRNGWSKEKIGSHIIRNNTIYDCGQNAIVGHLGGVFSEIYNNHIYNIALKREFYGHEIAGIKLHAAIDVQIHHNRIHDCSLGLWLDWEAQGTRVSKNLFYNNNRDVFVEVSHGPYLVDHNILSSEYAIDNMSQGGAYINNLIAGKMNQRKVLNRSTQYHLPHSTEVAGFAFVYGGDDRFYNNIFIGKEGLENVGTSHYNNCTTSLEEYIEKVNEVPGDLGEFERVEQPVYINKNAYFNGAEPFEKEKDNLVKKDFDPKLAIIDEGDEVYLSLQLPDEFENIVGDIHSTKTLERVRIVDAEYESPDGKELVLDTDYLDAKKPENSSIGPIALLKKGNNYIKVW,non-thermophile
MTKAIQSSVQVGELATGQALTVPIYSFMGSENSAPSVYIQANVHGAEVQGNAVIYQLMTLLEGYQVLGDITLAPLANPLGINQKSGEFTLGRFDPITGVNWNREYFDHNVDIQNWYAEHQHLTNSELFCAYRSMLVETCQARLTHSFGISTGHRLAVNLQAMAHQADIVLDLHTGPKSCKHLYCPEYDIDAARFFSIPYTLIIPNSFGGAMDEATFCPWWQLTEYATSQGREFSVPVSAFTLELASQERIDLADALEDAKGILAYLSHRGVIAEKVNPASMERFGCYLKDYKKFHAPKAGLIEYCASVGEPLTAGKPLVNILRIDLYGSEQAYQAISLPMDCVPILHFASASVLQGTELYKVMTNVFPLQPS,non-thermophile
MSSCSRVALVTGANRGIGLAIARELCRQFSGDVVLTARDVARGQAAVQQLQAEGLSPRFHQLDIDDLQSIRALRDFLRKEYGGLNVLVNNAAVAFKSDDPMPFDIKAEMTLKTNFFATRNMCNELLPIMKPHGRVVNISSLQCLRAFENCSEDLQERFHSETLTEGDLVDLMKKFVEDTKNEVHEREGWPNSPYGVSKLGVTVLSRILARRLDEKRKADRILVNACCPGPVKTDMDGKDSIRTVEEGAETPVYLALLPPDATEPQGQLVHDKVVQNW,non-thermophile
MTKLILLTGLVLILNLQLGSAYQLTCYFTNWAQYRPGLGRFMPDNIDPCLCTHLIYAFAGRQNNEITTIEWNDVTLYQAFNGLKNKNSQLKTLLAIGGWNFGTAPFTAMVSTPENRQTFITSVIKFLRQYEFDGLDFDWEYPGSRGSPPQDKHLFTVLVQEMREAFEQEAKQINKPRLMVTAAVAAGISNIQSGYEIPQLSQYLDYIHVMTYDLHGSWEGYTGENSPLYKYPTDTGSNAYLNVDYVMNYWKDNGAPAEKLIVGFPTYGHNFILSNPSNTGIGAPTSGAGPAGPYAKESGIWAYYEICTFLKNGATQGWDAPQEVPYAYQGNVWVGYDNIKSFDIKAQWLKHNKFGGAMVWAIDLDDFTGTFCNQGKFPLISTLKKALGLQSASCTAPAQPIEPITAAPSGSGNGSGSSSSGGSSGGSGFCAVRANGLYPVANNRNAFWHCVNGVTYQQNCQAGLVFDTSCDCCNWA,non-thermophile
MGRRALLLLLLSFLAPWATIALRPALRALGSLHLPTNPTSLPAVAKNYSVLYFQQKVDHFGFNTVKTFNQRYLVADKYWKKNGGSILFYTGNEGDIIWFCNNTGFMWDVAEELKAMLVFAEHRYYGESLPFGDNSFKDSRHLNFLTSEQALADFAELIKHLKRTIPGAENQPVIAIGGSYGGMLAAWFRMKYPHMVVGALAASAPIWQFEDLVPCGVFMKIVTTDFRKSGPHCSESIHRSWDAINRLSNTGSGLQWLTGALHLCSPLTSQDIQHLKDWISETWVNLAMVDYPYASNFLQPLPAWPIKVVCQYLKNPNVSDSLLLQNIFQALNVYYNYSGQVKCLNISETATSSLGTLGWSYQACTEVVMPFCTNGVDDMFEPHSWNLKELSDDCFQQWGVRPRPSWITTMYGGKNISSHTNIVFSNGELDPWSGGGVTKDITDTLVAVTISEGAHHLDLRTKNALDPMSVLLARSLEVRHMKNWIRDFYDSAGKQH,non-thermophile
MKTPWKVLLGLLGAAALVTIITVPVVLLNKGTDDATADSRKTYTLTDYLKNTYRLKLYSLRWISDHEYLYKQENNILVFNAEYGNSSVFLENSTFDEFGHSINDYSISPDGQFILLEYNYVKQWRHSYTASYDIYDLNKRQLITEERIPNNTQWVTWSPVGHKLAYVWNNDIYVKIEPNLPSYRITWTGKEDIIYNGITDWVYEEEVFSAYSALWWSPNGTFLAYAQFNDTEVPLIEYSFYSDESLQYPKTVRVPYPKAGAVNPTVKFFVVNTDSLSSVTNATSIQITAPASMLIGDHYLCDVTWATQERISLQWLRRIQNYSVMDICDYDESSGRWNCLVARQHIEMSTTGWVGRFRPSEPHFTLDGNSFYKIISNEEGYRHICYFQIDKKDCTFITKGTWEVIGIEALTSDYLYYISNEYKGMPGGRNLYKIQLSDYTKVTCLSCELNPERCQYYSVSFSKEAKYYQLRCSGPGLPLYTLHSSVNDKGLRVLEDNSALDKMLQNVQMPSKKLDFIILNETKFWYQMILPPHFDKSKKYPLLLDVYAGPCSQKADTVFRLNWATYLASTENIIVASFDGRGSGYQGDKIMHAINRRLGTFEVEDQIEAARQFSKMGFVDNKRIAIWGWSYGGYVTSMVLGSGSGVFKCGIAVAPVSRWEYYDSVYTERYMGLPTPEDNLDHYRNSTVMSRAENFKQVEYLLIHGTADDNVHFQQSAQISKALVDVGVDFQAMWYTDEDHGIASSTAHQHIYTHMSHFIKQCFSLP,non-thermophile
MKLIILEHYSQASEWAAKYIRNRIIQFNPGPEKYFTLGLPTGSTPLGCYKKLIEYYKNGDLSFKYVKTFNMDEYVGLPRDHPESYHSFMWNNFFKHIDIHPENTHILDGNAVDLQAECDAFEEKIKAAGGIELFVGGIGPDGHIAFNEPGSSLVSRTRVKTLAMDTILANARFFDGELTKVPTMALTVGVGTVMDAREVMILITGAHKAFALYKAIEEGVNHMWTVSAFQQHPRTVFVCDEDATLELKVKTVKYFKGLMLVHNKLVDPLYSIKEKETEKSQSSKKPYSD,non-thermophile
MVDSVYRTRSLGVAAEGLPDQYADGEAARVWQLYIGDTRSRTAEYKAWLLGLLRQHGCQRVLDVACGTGVDSIMLVEEGFSVTSVDASDKMLKYALKERWNRRHEPAFDKWVIEEANWMTLDKDVPQSAEGGFDAVICLGNSFAHLPDCKGDQSEHRLALKNIASMVRAGGLLVIDHRNYDHILSTGCAPPGKNIYYKSDLTKDVTTSVLIVNNKAHMVTLDYTVQVPGAGQDGSPGLSKFRLSYYPHCLASFTELLQAAFGGKCQHSVLGDFKPYKPGQTYIPCYFIHVLKRTD,non-thermophile
MAKFVIRPATAADCSDILRLIKELAKYEYMEEQVILTEKDLLEDGFGEHPFYHCLVAEVPKEHWTPEGHSIVGFAMYYFTYDPWIGKLLYLEDFFVMSDYRGFGIGSEILKNLSQVAMRCRCSSMHFLVAEWNEPSINFYKRRGASDLSSEEGWRLFKIDKEYLLKMATEE,non-thermophile
MGLELYLDLLSQPCRAVYIFAKKNDIPFELRIVDLIKGQHLSDAFAQVNPLKKVPALKDGDFTLTESVAILLYLTRKYKVPDYWYPQDLQARARVDEYLAWQHTTLRRSCLRALWHKVMFPVFLGEPVSPQTLAATLAELDVTLQLLEDKFLQNKAFLTGPHISLADLVAITELMHPVGAGCQVFEGRPKLATWRQRVEAAVGEDLFQEAHEVILKAKDFPPADPTIKQKLMPWVLAMIR,non-thermophile
MSVGFIGAGQLAFALAKGFTAAGVLAAHKIMASSPDMDLATVSALRKMGVKLTPHNKETVQHSDVLFLAVKPHIIPFILDEIGADIEDRHIVVSCAAGVTISSIEKKLSAFRPAPRVIRCMTNTPVVVREGATVYATGTHAQVEDGRLMEQLLSSVGFCTEVEEDLIDAVTGLSGSGPAYAFTALDALADGGVKMGLPRRLAVRLGAQALLGAAKMLLHSEQHPGQLKDNVSSPGGATIHALHVLESGGFRSLLINAVEASCIRTRELQSMADQEQVSPAAIKKTILDKVKLDSPAGTALSPSGHTKLLPRSLAPAGKD,non-thermophile
MPNIKIFSGSSHQDLSQKIADRLGLELGKVVTKKFSNQETCVEIGESVRGEDVYIVQSGCGEINDNLMELLIMINACKIASASRVTAVIPCFPYARQDKKDKSRAPISAKLVANMLSVAGADHIITMDLHASQIQGFFDIPVDNLYAEPAVLKWIRENISEWRNCTIVSPDAGGAKRVTSIADRLNVDFALIHKERKKANEVDRMVLVGDVKDRVAILVDDMADTCGTICHAADKLLSAGATRVYAILTHGIFSGPAISRINNACFEAVVVTNTIPQEDKMKHCSKIQVIDISMILAEAIRRTHNGESVSYLFSHVPL,non-thermophile
MDGPVAEHAKQEPFHVVTPLLESWALSQVAGMPVFLKCENVQPSGSFKIRGIGHFCQEMAKKGCRHLVCSSGGNAGIAAAYAARKLGIPATIVLPESTSLQVVQRLQGEGAEVQLTGKVWDEANLRAQELAKRDGWENVPPFDHPLIWKGHASLVQELKAVLRTPPGALVLAVGGGGLLAGVVAGLLEVGWQHVPIIAMETHGAHCFNAAITAGKLVTLPDITSVAKSLGAKTVAARALECMQVCKIHSEVVEDTEAVSAVQQLLDDERMLVEPACGAALAAIYSGLLRRLQAEGCLPPSLTSVVVIVCGGNNINSRELQALKTHLGQV,non-thermophile
MTAGGRILRLTADNIEEAIDAAVCVFLRGGIVALPTDTLYGISTLLQYSDRLYALKQRPYEKPLGIFLPSPTAMKLVSRQTISDELANCLLPGPVTLMFERLPCLPAEFNPGVVNVACRVPDCPIVSTICKKLGQPLAQTSANVSGSSLNPTSIDHFRDLHPNIDLILDAGSIISSGEGSTIVDLTVESGFRIVRSGCAEKETMQKLKSFGLTKIQ,non-thermophile
MSFIDPYQHIIVEHQYSHKFTVVVLRATKVTKGAFGDMLDTPDPYVELFISTTPDSRKRTRHFNNDINPVWNETFEFILDPNQENVLEITLMDANYVMDETLGTATFTVSSMKVGEKKEVPFIFNQVTEMVLEMSLEVCSCPDLRFSMALCDQEKTFRQQRKEHIRESMKKLLGPKNSEGLHSARDVPVVAILGSGGGFRAMVGFSGVMKALYESGILDCATYVAGLSGSTWYMSTLYSHPDFPEKGPEEINEELMKNVSHNPLLLLTPQKVKRYVESLWKKKSSGQPVTFTDIFGMLIGETLIHNRMNTTLSSLKEKVNTAQCPLPLFTCLHVKPDVSELMFADWVEFSPYEIGMAKYGTFMAPDLFGSKFFMGTVVKKYEENPLHFLMGVWGSAFSILFNRVLGVSGSQSRGSTMEEELENITTKHIVSNDSSDSDDESHEPKGTENEDAGSDYQSDNQASWIHRMIMALVSDSALFNTREGRAGKVHNFMLGLNLNTSYPLSPLSDFATQDSFDDDELDAAVADPDEFERIYEPLDVKSKKIHVVDSGLTFNLPYPLILRPQRGVDLIISFDFSARPSDSSPPFKELLLAEKWAKMNKLPFPKIDPYVFDREGLKECYVFKPKNPDMEKDCPTIIHFVLANINFRKYRAPGVPRETEEEKEIADFDIFDDPESPFSTFNFQYPNQAFKRLHDLMHFNTLNNIDVIKEAMVESIEYRRQNPSRCSVSLSNVEARRFFNKEFLSKPKA,non-thermophile
MPPKVTSELLRQLRQAMRNSEYVTEPIQAYIIPSGDAHQSEYIAPCDCRRAFVSGFDGSAGTAIITEEHAAMWTDGRYFLQAAKQMDSNWTLMKMGLKDTPTQEDWLVSVLPEGSRVGVDPLIIPTDYWKKMAKVLRSAGHHLIPVKENLVDKIWTDRPERPCKPLLTLGLDYTGISWKDKVADLRLKMAERNVMWFVVTALDEIAWLFNLRGSDVEHNPVFFSYAIIGLETIMLFIDGDRIDAPSVKEHLLLDLGLEAEYRIQVHPYKSILSELKALCADLSPREKVWVSDKASYAVSETIPKDHRCCMPYTPICIAKAVKNSAESEGMRRAHIKDAVALCELFNWLEKEVPKGGVTEISAADKAEEFRRQQADFVDLSFPTISSTGPNGAIIHYAPVPETNRTLSLDEVYLIDSGAQYKDGTTDVTRTMHFGTPTAYEKECFTYVLKGHIAVSAAVFPTGTKGHLLDSFARSALWDSGLDYLHGTGHGVGSFLNVHEGPCGISYKTFSDEPLEAGMIVTDEPGYYEDGAFGIRIENVVLVVPVKTKYNFNNRGSLTFEPLTLVPIQTKMIDVDSLTDKECDWLNNYHLTCRDVIGKELQKQGRQEALEWLIRETQPISKQH,non-thermophile
MKCKPNQTRTYDPEGFKKRAACLCFRSEREDEVLLVSSSRYPDRWIVPGGGMEPEEEPGGAAVREVYEEAGVKGKLGRLLGVFEQNQDPKHRTYVYVLTVTELLEDWEDSVSIGRKREWFKVEDAIKVLQCHKPVHAEYLEKLKLGGSPTNGNSMAPSSPDSDP,non-thermophile
MASPQLCRALVSAQWVAEALRAPRAGQPLQLLDASWYLPKLGRDARREFEERHIPGAAFFDIDQCSDRTSPYDHMLPGAEHFAEYAGRLGVGAATHVVIYDASDQGLYSAPRVWWMFRAFGHHAVSLLDGGLRHWLRQNLPLSSGKSQPAPAEFRAQLDPAFIKTYEDIKENLESRRFQVVDSRATGRFRGTEPEPRDGIEPGHIPGTVNIPFTDFLSQEGLEKSPEEIRHLFQEKKVDLSKPLVATCGSGVTACHVALGAYLCGKPDVPIYDGSWVEWYMRARPEDVISEGRGKTH,non-thermophile
MAKLIALTLLGMGLALFRNHQSSYQTRLNALREVQPVELPNCNLVKGIETGSEDLEILPNGLAFISSGLKYPGIKSFNPNSPGKILLMDLNEEDPTVLELGITGSKFDVSSFNPHGISTFTDEDNAMYLLVVNHPDAKSTVELFKFQEEEKSLLHLKTIRHKLLPNLNDIVAVGPEHFYGTNDHYFLDPYLQSWEMYLGLAWSYVVYYSPSEVRVVAEGFDFANGINISPDGKYVYIAELLAHKIHVYEKHANWTLTPLKSLDFNTLVDNISVDPETGDLWVGCHPNGMKIFFYDSENPPASEVLRIQNILTEEPKVTQVYAENGTVLQGSTVASVYKGKLLIGTVFHKALYCEL,non-thermophile
MSRPLVITEGMMIGVLLMLAPINALLLGFVQSTPDNNKTVREFNVYWNVPTFMCHKYGLRFEEVSEKYGILQNWMDKFRGEEIAILYDPGMFPALLKDPNGNVVARNGGVPQLGNLTKHLQVFRDHLINQIPDKSFPGVGVIDFESWRPIFRQNWASLQPYKKLSVEVVRREHPFWDDQRVEQEAKRRFEKYGQLFMEETLKAAKRMRPAANWGYYAYPYCYNLTPNQPSAQCEATTMQENDKMSWLFESEDVLLPSVYLRWNLTSGERVGLVGGRVKEALRIARQMTTSRKKVLPYYWYKYQDRRDTDLSRADLEATLRKITDLGADGFIIWGSSDDINTKAKCLQFREYLNNELGPAVKRIALNNNANDRLTVDVSVDQV,non-thermophile
MVLSHAVSESDVSVHSTFASRYVRTSLPRFKMPENSIPKEAAYQIINDELMLDGNPRLNLASFVTTWMEPECDKLIMSSINKNYVDMDEYPVTTELQNRCVNMIAHLFNAPLEEAETAVGVGTVGSSEAIMLAGLAFKRKWQNKRKAEGKPVDKPNIVTGANVQVCWEKFARYFEVELKEVKLSEGYYVMDPQQAVDMVDENTICVAAILGSTLNGEFEDVKLLNDLLVEKNKETGWDTPIHVDAASGGFIAPFLYPELEWDFRLPLVKSINVSGHKYGLVYAGIGWVIWRNKEDLPEELIFHINYLGADQPTFTLNFSKGSSQVIAQYYQLIRLGHEGYRNVMENCRENMIVLREGLEKTERFNIVSKDEGVPLVAFSLKDSSCHTEFEISDMLRRYGWIVPAYTMPPNAQHITVLRVVIREDFSRTLAERLVIDIEKVMRELDELPSRVIHKISLGQEKSESNSDNLMVTVKKSDIDKQRDIITGWKKFVADRKKTSGIC,non-thermophile
MVSAHFILIHTICHGAWLWYKLIPLLQSAGHNATAIDLVASGIDPRQLEQIGTWEQYSEPLFTLIESIPEGKKVILVGESGGGINIALAAEKYPEKVSALVFHNALMPDIDHSPAFVYKKFSEVFTDWKDSIFSNYTYGNDTVTAVELGDRTLAENIFSNSPIEDVELAKHLVRKGSFFEQDLDTLPNFTSEGYGSIRRVYVYGEEDQIFSRDFQLWQINNYKPDKVYCVPSADHKIQISKVNELAQILQEVANSASDLLAVA,non-thermophile
MMAAKGSVVVGVLAIVAYALVVSEVAIAAQISSFNRTSFPDGFVFGAASSAYQFEGAAKEGGKGPNIWDTFTHEFPGKISNGSTGDVADDFYHRYKEDVKVLKFIGLDGFRMSISWARVLPRGKLSGGVNKEGIAFYNNVINDLLSKGIQPFITIFHWDLPQALEDEYGGFLSPHIVNDFRDFAELCFKEFGDRVKHWITMNEPWSYSYGGYDAGLLAPGRCSAFMAFCPKGNSGTEPYIVTHNLLLSHAAAVKLYKEKYQAYQKGQIGITLVTYWMIPYSNSKADKDAAQRALDFMYGWFIEPLSFGEYPKSMRRLVGKRLPRFTKEQAMLVKGSFDFLGLNYYIANYVLNVPTSNSVNLSYTTDSLSNQTAFRNGVAIGRPTGVPAFFMYPKGLKDLLVYTKEKYNDPVIYITENGMGDNNNVTTEEGIKDPQRVYFYNQHLLSLKNAIAAGVKVKGYFTWAFLDNFEWLSGYTQRFGIVYVDFKDGLKRYPKHSALWFKKFLLK,non-thermophile
MKLALALSLIASVAAAPTAKLANGDTITGLNAIINEAFLGIPFAEPPVGNLRFKDPVPYSGSLNGQKFTSYGPSCMQQNPEGTFEENLGKTALDLVMQSKVFQAVLPQSEDCLTINVVRPPGTKAGANLPVMLWIFGGGFEIGSPTIFPPAQMVTKSVLMGKPIIHVAVNYRVASWGFLAGDDIKAEGSGNAGLKDQRLGMQWVADNIAGFGGDPSKVTIFGESAGSMSVLCHLIWNDGDNTYKGKPLFRAGIMQSGAMVPSDPVDGTYGNEIYDLFVSSAGCGSASDKLACLRSASSDTLLDATNNTPGFLAYSSLRLSYLPRPDGKNITDDMYKLVRDGKYASVPVIIGDQNDEGTIFGLSSLNVTTNAQARAYFKQSFIHASDAEIDTLMAAYPQDITQGSPFDTGIFNAITPQFKRISAVLGDLAFIHARRYFLNHFQGGTKYSFLSKQLSGLPIMGTFHANDIVWQDYLLGSGSVIYNNAFIAFATDLDPNTAGLLVNWPKYTSSSQSGNNLMMINALGLYTGKDNFRTAGYDALMTNPSSFFV,non-thermophile
MGEIESYCNKELGPLPTKAPTLSKNVLDLFSLKGKVASVTGSSGGIGWAVAEAYAQAGADVAIWYNSHPADEKAEHLQKTYGVHSKAYKCNISDPKSVEETISQQEKDFGTIDVFVANAGVTWTQGPEIDVDNYDSWNKIISVDLNGVYYCSHNIGKIFKKNGKGSLIITSSISGKIVNIPQLQAPYNTAKAACTHLAKSLAIEWAPFARVNTISPGYIDTDITDFASKDMKAKWWQLTPLGREGLTQELVGGYLYLASNASTFTTGSDVVIDGGYTCP,non-thermophile
MVKLFSFLLLVWVASPAFSSEFLKASGSNFYYGGQKVFLSGVNFAWRSYGSDFGNGQYASNGPALKDWINKVKASGGNTARVWVHVEGQVSPAFDSHGFVTSTDSKKTLINDLSDLLDYANGQNVFLILVLFNGALQNNSNVQNLFWDESKLNSYINNALTPMVNALKSKPSLAAWEVLNEPEGTLQPGSDQNSCYDTSTLAAQGAGWGGKKFPMKQILKTINWISSAIHNADSKALVTVGSWSELTQTDSFGYRNHYKDSCLTGAGGKSNGIINFYQMHTYSHSGKWNQNAPFKVNRWAYNVNDKPLLIGEFASVCSQNEGIQNLYKYAYNNGYNGALTWQFNSGGDCSDTYSNQMYGMQALKGQNDQSGGKGGMVSVNIN,non-thermophile
MERLHLCIAGLLITSLCTYPAASQNALKVGFWPAYSVSEFPPSKINSRLFTHLYYAFAELNAPTFEVRVPPGSEKTAEDFTPTVRRLNPSVKTLISIGGGGSEVRDNFAKLNSDASARQRFVKSSIALARRYGFHGLDLDYEYPEPQLEMENFVKLVSELTAAIREEARTSGKPRLLLTEAVYFHQKLFPWEVVTEYPVQFIAAGLDWVNVMAYDFHGSWENFTGAPAALRDPNSKFTASVGIESFLAAGMPPEKLVLGIPLFGRSWLLKNNNEVGIGAPAVGAGPVDGALSFSEIQNFIRGGAREVFDTTTVSAYAYKDNVWVGYDNQQSVALKVQYAKEKRLGGYFFWSVNQDIDAILPKIASDTWGGTNLEDIKVWPSNLRLTA,non-thermophile
MVSVSKLINNGLLLVGQGAYQDLASPQQASVEQYNIIRFLGGAAPYIQNKGFGISTDIPDQCTLEQVQLFSRHGERYPSTGSGKKYKAVYEKLMSYNGTFKGELAFLNDDYEYFVPDSVYLEKETSPKNSDSIYAGTTDAMKHGIAFRTKYGELFDTNDTLPVFTSNSGRVYQTSQYFARGFMGDDFSNDTVKTNIISEDADMGANSLTPRDGCFNYNENANTAIVDEYTTEYLTKALNRFKASNPGLNITEDDVSNLFGYCAYELNVKGASPMCDIFTNEEFIQYSYSVDLDDYYSNSAGNNMTRVIGSTLLNASLELLNHDKNENKIWLSFTHDTDIEIFHSAIGILIPDEDLPVDYTPFPSPYSHVGITPQGARTIIEKYACGNESYVRYVINDAVIPIKKCSSGPGFSCNLNDYNDYVAERVAGTNYVEQCGNNNASAVTFYWDYETTNYTASLINS,non-thermophile
MVAVTSLGKALTALSILASLAVAKEHYEFKNVAIGGGGYITGIVAHPKTKDLLYARTDIGGAYRWDAGTSKWIPLNDFIEAQDMNIMGTESIALDPNNPDRLYLAQGRYVGDEWAAFYVSEDRGQSFTIYESPFPMGANDMGRNNGERLAVNPFNSNEVWMGTRTEGIWKSSDRAKTWTNVTSIPDAFTNGIGYTSVIFDPERNGTIYASATAPQGMYVTHDGGVSWEPVAGQPSSWLNRTTGAFPDKKPASIAPQPMKVALTPNFLYVTYADYPGPWGVTFGEVWRQNRTSGAWDDITPRVGNSSPAPYNNQTFPAGGFCGLSVDATNPNRLVVITLDRDPGPALDSIYLSTDAGATWKDVTQLSSPSNLEGNWGHPTNAARYKDGTPVPWLDFNNGPQWGGYGAPHGTPGLTKFGWWMSAVLIDPFNPEHLMYGTGATIWATDTLSRVEKDWAPSWYLQIDGIEENAILSLRSPKSGAALLSGIGDISGMKHDDLTKPQKMFGAPQFSNLDSIDAAGNFPNVVVRAGSSGHEYDSACARGAYATDGGDAWTIFPTCPPGMNASHYQGSTIAVDASGSQIVWSTKLDEQASGPWYSHDYGKTWSVPAGDLKAQTANVLSDKVQDGTFYATDGGKFFVSTDGGKSYAAKGAGLVTGTSLMPAVNPWVAGDVWVPVPEGGLFHSTDFGASFTRVGTANATLVSVGAPKSKSDGKKASAPSAVFIWGTDKPGSDIGLYRSDDNGSTWTRVNDQEHNYSGPTMIEADPKVYGRVYLGTNGRGIVYADLTNKKSNEEKSTAKCANGQKGTHCYVKK,non-thermophile
MVSFTSLLAGVAAISGVLAAPAAEVESVAVEKRQTIQPGTGYNNGYFYSYWNDGHGGVTYTNGPGGQFSVNWSNSGNFVGGKGWQPGTKNKVINFSGSYNPNGNSYLSVYGWSRNPLIEYYIVENFGTYNPSTGATKLGEVTSDGSVYDIYRTQRVNQPSIIGTATFYQYWSVRRNHRSSGSVNTANHFNAWAQQGLTLGTMDYQIVAVEGYFSSGSASITVS,non-thermophile
MRLVVVGLWCLILGLILNPTKFCDAGVTSSYVRKSLSALPNAEDVDMPWDSDVFAVPSGYNAPQQVHITQGDYEGRGVIISWTTPYDKAGANKVVYWSENSKSQKRAMGTVVTYKYYNYTSAFIHHCTIKDLEYDTKYYYRLGFGDAKRQFWFVTPPKPGPDVPYVFGLIGDIGQTHDSNTTLTHYEQNSAKGQAVLFMGDLSYSNRWPNHDNNRWDTWGRFSERSVAYQPWIWTAGNHEIDYAPDIGEYQPFVPFTNRYPTPHEASGSGDPLWYAIKRASAHIIVLSSYSGFVKYSPQYKWFTSELEKVNRSETPWLIVLVHAPLYNSYEAHYMEGEAMRAIFEPYFVYYKVDIVFSGHVHSYERSERVSNVAYNIVNAKCTPVSDESAPVYITIGDGGNSEGLASEMTQPQPSYSAFREASFGHGIFDIKNRTHAHFSWHRNQDGASVEADSLWLLNRYWASEDASSMSAM,non-thermophile
MHASLSSWLLAASLLTQPISVSGQGCPFAKRDGTVDSSLPQKRADAPETTTFGRCAVKSNQAGGGTRSHDWWPCQLRLDVLRQFQPSQNPLGGDFDYAEAFQSLDYEAVKKDIAALMTESQDWWPADFGNYGGLFVRMAWHSAGTYRAMDGRGGGGMGQQRFAPLNSWPDNQNLDKARRLIWPIKQKYGNKISWADLMLLTGNVALENMGFKTLGFGGGRADTWQSDEAVYWGAETTFVPQGNDVRYNNSVDINARADKLEKPLAATHMGLIYVNPEGPNGTPDPAASAKDIREAFGRMGMNDTETVALIAGGHAFGKTHGAVKGSNIGPAPEAADLGMQGLGWHNSVGDGNGPNQMTSGLEVIWTKTPTKWSNGYLESLINNNWTLVESPAGAHQWEAVNGTVDYPDPFDKTKFRKATMLTSDLALINDPEYLKISQRWLEHPEELADAFAKAWFKLLHRDLGPTTRYLGPEVPKESFIWQDPLPAREGDLIDDADVDKLKAAILSTDGLDVSKLASTAMACATTYRNSDKRGGCNGARIALEPQRNWVSNNPTQLSAVLDALKKVQSDFNGSNGNKKVSLADLIVLGGTAAVEKAAKDAGVDIKVPFSAGRVDATQEQTDVTQFSYLEPQADGFRNYGRGTARARTEEIMVDKASQLTLTPPELTVLVGGMRALGANYDGSDVGVFTANKGKLTPDFFVNLVDMNIAWTASGADGESWVGTDRKSRSEKYKGSRADLVFGSHAELRAIAEVYAENGNQEKFVKDFVAAWTKVMNLDRFDLKVKK,non-thermophile
MLLTALAVLFASTGCQARLSVSGTNLNYNGHHIFLSGANQAWVNYARDFGHNQYSKGKSTFESTLSDIQSHGGNSVRVWLHIEGESTPEFDNNGYVTGIDNTLISDMRAYLHAAQRHNILIFFTLWNGAVKQSTHYRLNGLMVDTRKLQSYIDHALKPMANALKNEKALGGWDIMNEPEGEIKPGESSSEPCFDTRHLSGSGAGWAGHLYSAQEIGRFVNWQAAAIKEVDPGAMVTVGSWNMKADTDAMGFHNLYSDHCLVKAGGKQSGTLSFYQVHTYDWQNHFGNESPFKHSFSNFRLKKPMVIGEFNQEHGAGMSSESMFEWAYTKGYSGAWTWSRTDVSWNNQLRGIQHLKSRTDHGQVQFGL,non-thermophile
MWVHTFFFVILLVVVSGARRDVASSDTVYTFPDEFKLGAATASYQIEGAWDENGKGPNIWDTLTHEHPDYVVDGATGDIADDSYHLYKEDVKILKELGAQVYRFSISWARVLPEGHDNIVNQDGIDYYNNLINELLANGIEPMVTMYHWDLPQALQDLGGWPNLVLAKYSENYARVLFKNFGDRVKLWLTFNEPLTFMDGYASEIGMAPSINTPGIGDYLAAHTVIHAHARIYHLYDQEFRAEQGGKVGISLNINWCEPATNSAEDRASCENYQQFNLGLYAHPIFTEEGDYPAVLKDRVSRNSADEGYTDSRLPQFTAEEVEYIRGTHDFLGINFYTALLGKSGVEGYEPSRYRDSGVILTQDAAWPISASSWLKVVPWGFRKELNWIKNEYNNPPVFITENGFSDYGGLNDTGRVHYYTEHLKEMLKAIHEDGVNVIGYTAWSLMDNFEWLRGYSEKFGIYAVDFEDPARPRIPKESAKVLAEIMNTRKIPERFRD,non-thermophile
MARASSSSSPPSPRLLLLLLVAVAATLLPEAAALGNFTAESRGARWRSRRARRRAFENGLGRTPQMGWNSWNHFYCGINEQIIRETADALVNTGLAKLGYQYVNIDDCWAEYSRDSQGNFVPNRQTFPSGIKALADYVHAKGLKLGIYSDAGSQTCSNKMPGSLDHEEQDVKTFASWGVDYLKYDNCNDAGRSVMERYTRMSNAMKTYGKNIFFSLCEWGKENPATWAGRMGNSWRTTGDIADNWGSMTSRADENDQWAAYAGPGGWNDPDMLEVGNGGMSEAEYRSHFSIWALAKAPLLIGCDVRSMSQQTKNILSNSEVIAVNQDSLGVQGKKVQSDNGLEVWAGPLSNNRKAVVLWNRQSYQATITAHWSNIGLAGSVAVTARDLWAHSSFAAQGQISASVAPHDCKMYVLTPN,non-thermophile
MGRIKSSSGRCSTARLEAVAVLVVVFGVASSSLRGCIAQQSGGGLTRGSFPEGFVFGTASAAYQYEGAVKEDGRGQTIWDTFAHTFGKITDFSNADVAVDQYHRFEEDIQLMADMGMDAYRFSIAWSRIYPNGVGQVNQAGIDHYNKLIDALLAKGIQPYVTLYHWDLPQALEDKYKGWLDRQIVDDFAAYAETCFREFGDRVKHWITLNEPHTVAIQGYDAGLQAPGRCSVLLHLYCKAGNSGTEPYVVAHHFILAHAAAASIYRTKYKATQNGQLGIAFDVMWFEPMSNTTIDIEAAKRAQEFQLGWFADPFFFGDYPATMRARVGERLPRFTADEAAVVKGALDFVGINHYTTYYTRHNNTNIIGTLLNNTLADTGTVSLPFKNGKPIGDRANSIWLYIVPRGMRSLMNYVKERYNSPPVYITENGMDDSNNPFISIKDALKDSKRIKYHNDYLTNLAASIKEDGCDVRGYFAWSLLDNWEWAAGYSSRFGLYFVDYKDNLKRYPKNSVQWFKALLKT,non-thermophile
MVDINPFLAFPDQEGDVAVPCSYTSLPDEAQSEEIPASRSKLMKGFLIFFSGILMLGLLMVFVSDQGSKTPSSLSSSVMALVSTSTSPARINPISRGVPEGVPEKAFHMFPDNAVPYPWSNAQLSWQRTAFHFQPERSWMSDPDGPIFYKGWYHFFYQYNPDNPVWGNNTWGHTVSRDLIHWLYLPLALAADQWYDMQGVFSGSATCLPDGRIMMLYTGVTKEMVEMLSLAYPADLSDPLLVEWVKYPGNPILSAPPGVSPTEFRDASTGWYVSNGTWRIAIGAKYNTTGIAMVYETKDFKSFKLLEELLHAVPDTGLWECVDLYPVSTTGEKGLETSVNGPKVKHVLKASIDEQQRDYYAIGTYDLGTNKWTPDNPEEDVGIGLRYDWGKYYASKTFYDPKKQRRVVWAWTKELDSEVADREKGWANVQTIPRTVLLDQKTGTNVLLWPVEEVESLRLSSKEFSKVKAGAGSVVPLDVGTATQLDIIAEFEIDKEALEGTIEADMGYNCTTSGGAAERGVLGPFGLLVSATENLSEQTPVYFYIAKGTDGNFKTFFCLDESRSSKASDVSKQVKGFTVPVLDGEKFTMRLLVDHSIVESFAQGGRSCITSRVYPTEAIYGAAKLFLFNNATGASITASLKIWEMNSAFIQPFHR,non-thermophile
MATMLKLLALTLAISESAIGAVMHPPGNSHPGTHMGTTNNTHCGADFCTWWHDSGEINTQTPVQPGNVRQSHKYSVQVSLAGTNNFHDSFVYESIPRNGNGRIYAPTDPPNSNTLDSSVDDGISIEPSIGLNMAWSQFEYSHDVDVKILATDGSSLGSPSDVVIRPVSISYAISQSDDGGIVIRVPADANGRKFSVEFKTDLYTFLSDGNEYVTSGGSVVGVEPTNALVIFASPFLPSGMIPHMTPDNTQTMTPGPINNGDWGAKSILYFPPGVYWMNQDQSGNSGKLGSNHIRLNSNTYWVYLAPGAYVKGAIEYFTKQNFYATGHGILSGENYVYQANAGDNYIAVKSDSTSLRMWWHNNLGGGQTWYCVGPTINAPPFNTMDFNGNSGISSQISDYKQVGAFFFQTDGPEIYPNSVVHDVFWHVNDDAIKIYYSGASVSRATIWKCHNDPIIQMGWTSRDISGVTIDTLNVIHTRYIKSETVVPSAIIGASPFYASGMSPDSRKSISMTVSNVVCEGLCPSLFRITPLQNYKNFVVKNVAFPDGLQTNSIGTGESIIPAASGLTMGLNISNWTVGGQKVTMENFQANSLGQFNIDGSYWGEWQIS,non-thermophile
MLGRSLLALLPFVGLAFSQSASQFTDPTTGFQFTGITDPVHDVTYGFVFPPLATSGAQSTEFIGEVVAPIASKWIGIALGGAMNNDLLLVAWANGNQIVSSTRWATGYVQPTAYTGTATLTTLPETTINSTHWKWVFRCQGCTEWNNGGGIDVTSQGVLAWAFSNVAVDDPSDPQSTFSEHTDFGFFGIDYSTAHSANYQNYLNGDSGNPTTTSTKPTSTSSSVTTGPTVSATPYDYIIVGAGPGGIIAADRLSEAGKKVLLLERGGPSTKQTGGTYVAPWATSSGLTKFDIPGLFESLFTDSNPFWWCKDITVFAGCLVGGGTSVNGALYWYPNDGDFSSSVGWPSSWTNHAPYTSKLSSRLPSTDHPSTDGQRYLEQSFNVVSQLLKGQGYNQATINDNPNYKDHVFGYSAFDFLNGKRAGPVATYLQTALARPNFTFKTNVMVSNVVRNGSQILGVQTNDPTLGPNGFIPVTPKGRVILSAGAFGTSRILFQSGIGPTDMIQTVQSNPTAAAALPPQNQWINLPVGMNAQDNPSINLVFTHPSIDAYENWADVWSNPRPADAAQYLANQSGVFAGASPKLNFWRAYSGSDGFTRYAQGTVRPGAASVNSSLPYNASQIFTITVYLSTGIQSRGRIGIDAALRGTVLTPPWLVNPVDKTVLLQALHDVVSNIGSIPGLTMITPDVTQTLEEYVDAYDPATMNSNHWVSSTTIGSSPQSAVVDSNVKVFGTNNLFIVDAGIIPHLPTGNPQGTLMSAAEQAAAKILALAGGP,non-thermophile
MTVTQLLTSLSFEAKLGIVIAAAAVVVISKFAFGSSSSKREPALNPNEYKKFMLREKQIINHNTRLFRFNLHHPEDVVGLPIGQHMSVKATVDGKEIYRPYTPVSSDDEKGYFDLIIKVYEKGQMSQYIDHLNPGDFLQVRGPKGQFDYKPNMVKEMGMIAGGTGITPMLQVARAIIKNPKEKTIINLIFANVNEDDILLRTELDDMAKKYSNFKVYYVLNNPPAGWTGGVGFVSADMIKQHFSPPSSDIKVMMCGPPMMNKAMQGHLETLGYTPEQWFIF,non-thermophile
MDIAVKEQDYSNGLIKNSAAFENLKFSNIKNFKVQKRFQILYYILFVFVTGIFFFFLISTYFFTPNYKVNKIVQNTEHLTLAFKIERPYDKVLKTISKKNLKNYIKETFNFFKSGYMKQNYLGSENDVIELDDVANIMFYGEGEVGDNHQKFMLIFDTGSANLWVPSKKCNSSGCSIKNLYDSSKSKSYEKDGTKVDITYGSGTVKGFFSKDLVTLGHLSMPYKFIEVTDTDDLEPIYSSVEFDGILGLGWKDLSIGSIDPIVVELKNQNKIDNALFTFYLPVHDVHAGYLTIGGIEEKFYEGNITYEKLNHDLYWQIDLDVHFGKQTMEKANVIVDSGTTTITAPSEFLNKFFANLNVIKVPFLPFYVTTCDNKEMPTLEFKSANNTYTLEPEYYMNPILEVDDTLCMITMLPVDIDSNTFILGDPFMRKYFTVFDYDKESVGFAIAKN,non-thermophile
MDTWTVLLILQASLVLPGAVGTRTNTRTAPTPILRFVAVGDWGGVPNAPFHTAREMANAKAIATTVKTLGADFILSLGDNFYFTGVHDAKDKRFQETFEDVFSDPSLRNVPWHVLAGNHDHLGNVSAQIAYSKISKRWNFPSPYYRLRFKIPRSNVSVAIFMLDTVTLCGNSDDFVSQQPERPRNLALARTQLAWIKKQLAAAKEDYVLVAGHYPVWSIAEHGPTHCLVKQLLPLLTTHKVTAYLCGHDHNLQYLQDENGLGFVLSGAGNFMDPSKKHLRKVPNGYLRFHFGAENSLGGFAYVEITPKEMSVTYIEASGKSLFKTKLPRRARSEHQHRRA,non-thermophile
MVGFTPVALAALAATGALAFPAGNATELEKRQTTPNSEGWHDGYYYSWWSDGGAQATYTNLEGGTYEISWGDGGNLVGGKGWNPGLNARAIHFEGVYQPNGNSYLAVYGWTRNPLVEYYIVENFGTYDPSSGATDLGTVECDGSIYRLGKTTRVNAPSIDGTQTFDQYWSVRQDKRTSGTVQTGCHFDAWARAGLNVNGDHYYQIVATEGYFSSGYARITVADVG,non-thermophile
MRSSLVLFFVSAWTALASPIRREVSQDLFNQFNLFAQYSAAAYCGKNNDAPAGTNITCTGNACPEVEKADATFLYSFEDSGVGDVTGFLALDNTNKLIVLSFRGSRSIENWIGNLNFDLKEINDICSGCRGHDGFTSSWRSVADTLRQKVEDAVREHPDYRVVFTGHSLGGALATVAGADLRGNGYDIDVFSYGAPRVGNRAFAEFLTVQTGGTLYRITHTNDIVPRLPPREFGYSHSSPEYWIKSGTLVPVTRNDIVKIEGIDATGGNNQPNIPDIPAHLWYFGLIGTCL,non-thermophile
MGKLQSFVNVVALSLSLSRGVLGAIGPVTDLTISNADVTPDGFTRAAVVANGVFPGPLITGNKGDNFQINVIDNLTNATMLKTTTIHWHGLFQHGTNWADGPAFVNQCPIASGNSFLYDFTVPDQAGTFWYHSHLSTQYCDGLRGPLVVYDPSDPYASMYDVDDDTTVITLSDWYHTAAKLGPAFPPNADSVLINGLGRFAGGNASDLAVITVEQNKRYRFRLVSLSCDPNFTFSIDGHNMTIIEVDGVNHEPLEVDSIQIFASQRYSFVLNATQSVDNYWIRAIPNTGTIDTTGGLNSAILRYSGADIVDPTANATTSVIPLVETDLVPLDSPAAPGDPVVGGVDLAMNLDFSFNGTNFFINNETLIPPTVPVLLQILSGAQSASDLLPTGSVYTLPLNSTIELSFPITTVNGVTNAPGAPHPFHLHGHAFSVVRSAGSSDYNYVNPVRRDTVSTGNPGDNVTIRFTTDNAGPWFLHCHIDFHLEAGFAIVFAEDTPDTASVNPVPTAWSDLCPTYDALDPSDH,non-thermophile
MAPLAARRPACLLALLSVAAALFLTPTALAAGGKTGQVTVFWGRNKAEGSLREACDSGMYTMVTMSFLDVFGANGKYHLDLSGHDLSSVGADIKHCQSKGVPVSLSIGGYGTGYSLPSNRSALDLFDHLWNSYFGGSKPSVPRPFGDAWLDGVDLFLEHGTPADRYDVLALELAKHNIRGGPGKPLHLTATVRCGYPPAAHVGRALATGIFERVHVRTYESDKWCNQNLGWEGSWDKWTAAYPATRFYVGLTADDKSHQWVHPKNVYYGVAPVAQKKDNYGGIMLWDRYFDKQTNYSSLIKYYA,non-thermophile
MMFLRNHNSVGGAIRTAVVLQDLQFIVSNKSSALTGAVSSVHRQQIRTMSSTSNETMHNKFDLPKRYQGSTKSVWVEYIQLAAQYKPLNLGQGFPDYHAPKYALNALAAAANSPDPLANQYTRGFGHPRLVQALSKLYSQLVDRTINPMTEVLVTVGAYEALYATIQGHVDEGDEVIIIEPFFDCYEPMVKAAGGIPRFIPLKPNKTGGTISSADWVLDNNELEALFNEKTKMIIINTPHNPLGKVMDRAELEVVANLCKKWNVLCVSDEVYEHMVFEPFEHIRICTLPGMWERTITIGSAGKTFSLTGWKIGWAYGPEALLKNLQMVHQNCVYTCATPIQEAIAVGFETELKRLKSPECYFNSISGELMAKRDYMASFLAEVGMNPTVPQGGYFMVADWSSLDSKVDLTQETDARKDYRFTKWMTKSVGLQGIPPSAFYSEPNKHLGEDFVRYCFFKKDENLQKAAEILRKWKGSS,non-thermophile
MEYKVTPPAVLREPLVTPNKLLMGPGPSNAPQRVLDAMSRPILGHLHPETLKIMDDIKEGVRYLFQTNNIATFCLSASGHGGMEATLCNLLEDGDVILIGHTGHWGDRSADMATRYGADVRVVKSKVGQSLSLDEIRDALLIHKPSVLFLTQGDSSTGVLQGLEGVGALCHQHNCLLIVDTVASLGGAPMFMDRWEIDAMYTGSQKVLGAPPGITPVSFSHRAVERYKRRNTKVKVYYWDMSLVGDYWGCFGRPRIYHHTISSTLLYGLREAIAMACEEGLPALIARHEDCAKRLYRGLQDAGFELYADPKDRLSTVTTIKVPQGVDWLKAAQYAMKTYLVEISGGLGPTAGQVFRIGLMGQNATTERVDRVLQVFQEAVAAVKPDVQVKGKM,non-thermophile
MSAIKDSRNINFNTKHLRKGDPLPPFNGKLRVYNMRYCPYAQRTILALNAKQIDYEVVNIDLIDKPEWLTTKSAFAKVPAIEIAEDVTIYESLVTVEYLDEVYPKRPLLPQDPLKKALDKIIVEASAPIQSLFIKILKFSDTVNEEHVAAYHKALDFIQEQLKNRGTVFLDGSEPGYADYMIWPWFERLRAFAHDERVRLEPSKYSLLLEYIDNMLKDSAVSQYLIPLEILAKFHEAYTKKERPNYELLNECLKSF,non-thermophile
MTRKFFVGGNWKMNGDYASVDGIVTFLNASADNSSVDVVVAPPAPYLAYAKSKLKAGVLVAAQNCYKVPKGAFTGEISPAMIKDLGLEWVILGHSERRHVFGESDALIAEKTVHALEAGIKVVFCIGEKLEEREAGHTKDVNFRQLQAIVDKGVSWENIVIAYEPVWAIGTGKTASGEQAQEVHEWIRAFLKEKVSPAVADATRIIYGGSVTADNAAELGKKPDIDGFLVGGASLKPDFVKIINARS,non-thermophile
MDNYIYSIAHQLYEMYLQDEDAFHSKRDYPHKKVFTELQKLRKIFFPDFFMKHQKITESHIASELTKLVDYIKDSVTAYNDELFAHQCVMAILEKLPSIKRTLKTDLIAAYAGDPAAPGLSLIIRCYPGFQAVIVYRIAHVLYECGERYYCREMMESVHSYTSIDIHPGASIKGHFFIDHGVGVVIGETAIIGEWCRIYQSVTLGAMHFQEEGGVIKRGTKRHPTVGDYVTIGTGAKVLGNIIVGSHVRIGANCWIDRDVDSNQTVYISEHPTHFVKPCTTKGMKNDTEIIAIIPSSPLANSPSI,non-thermophile
MATFFAQTSFPSHSLSKTFDTHFAPAPKVNVFVNFRARRHVGVRVSNALIEPDGGKLVELVVTDFERDLKKGEALSLPRIKLSRIDLEWVHVLSEGWATPLKGFMREAEFLQTLHFNSLRLDDGSVVNMSVPIVLAIDDAQKHRIGDNKKVALFDSKGDPVAILNNIEIYKHPKEERIARTWGTIAPGLPYVEQTITNAGNWLIGGDLEVIEPIQYNDGLDHFRLSPTQLRAEFTRRNADAVFAFQLRNPVHNGHALLMTDTRKRLLEMGYKNPVLLLHPLGGYTKADDVPLDWRMKQHEKVLEDGVLDPETTVVSIFPSPMHYAGPTEVQWHAKARINAGANFYIVGRDPAGMSHPVEKRDLYDADHGKKVLSMAPGLERLNILPFRVAAYDKTQGKMAFFDPSRPQDFLFISGTKMRTLARNKESPPDGFMCPGGWKVLVDYYDSLVLSSNGKVQEAVPA,non-thermophile
MFSSVMVALVSLAVAVSANPGLSLKVSGPEAVDGVNNLKVVTTITNTGDETLKLLNDPRGALHTMPTDTFAITNESGETPSFIGVKVKYVPSMAAKSTGENVFAVIAPGQSVNVEHDLSAAYNFTSSGAGTYALEALNVFNYIDPETNEPVEIWADAEAHTTAVSGKLAVVRATPTLTRPVTYNGCSSSEQSALAAAASAAQSYVAESLSYLQTHTAATPRYTTWFGSYISSRHSTVLQHYTDMNSNDFSSYSFDCTCTAAGTFAYVYPNRFGTVYLCGAFWKAPTTGTDSQAGTLVHESSHFTRNGGTKDYAYGQAAAKSLATMDPDKAVMNADNHEYFSENNPAQS,non-thermophile
MAKFKIRPATASDCSDILRLIKELAKYEYMEDQVILTEKDLQEDGFGEHPFYHCLVAEVPKEHWTPEGHSIVGFAMYYFTYDPWIGKLLYLEDFFVMSDYRGFGIGSEILKNLSQVAMKCRCSSMHFLVAEWNEPSINFYKRRGASDLSSEEGWRLFKIDKEYLLKMAAEE,non-thermophile
MAGGRDRGDLAARQLVFLLPEHLKDASKKKKKSSLLFVKLANPHSGEGATYLIDMCLQQLFEIKVFKEKHHSWFINQSVQSGGLLHFATPMDPLFLLLHYLLKAGKEGKYQPLDQVVVDDTFPDCTLLLRFPELEKSLRHVTEEKEVNSKKYYKYSSEKTLKWLEKKVNQTVVALKANNVNVGARVQSSAYFSGGQVSRDKEEDYVRYAHGLISDYIPKELSDDLSKFLKLPEPPASLTNPPSKKLKLSDEPVEAKEDYTKFNTKDLKTGKKNSKMTAAQKALAKVDKSGMKSIDAFFGAKNKKTGKI,non-thermophile
MPETCPNTVTKRRCAVVTGGNKGIGFEICKQLSSNGIMVVLTCRDVTKGHEAVEKLKNSNHENVVFHQLDVTDPIATMSSLADFIKTHFGKLDILVNNAGVAGFSVDADRFKAMISDIGEDSEELVKIYEKPEAQELMSETYELAEECLKINYNGVKSVTEVLIPLLQLSDSPRIVNVSSSTGSLKYVSNETALEILGDGDALTEERIDMVVNMLLKDFKENLIETNGWPSFGAAYTTSKACLNAYTRVLANKIPKFQVNCVCPGLVKTEMNYGIGNYTAEEGAEHVVRIALFPDDGPSGFFYDCSELSAF,non-thermophile
MLFNYQSLLVGVSLISQALSAPILESRATADAAAFPDLHRAAKLSSAAYTGCIGKAFDVTITKRIYDLVTDTNGFVGYSTEKKTIAVIMRGSTTITDFVNDIDIALITPELSGVTFPSDVKIMRGVHRPWSAVHDTIITEVKALIAKYPDYTLEAVGHSLGGALTSIAHVALAQNFPDKSLVSNALNAFPIGNQAWADFGTAQAGTFNRGNNVLDGVPNMYSSPLVNFKHYGTEYYSSGTEASTVKCEGQRDKSCSAGNGMYAVTPGHIASFGVVMLTAGCGYLS,non-thermophile
MYFSSLCKFLPISEKEKIYLNIVKKRFCKSNIYYNNNNNNIINYNKRGLKFYPFCNNLKKNINFVNINNKKGINFHSINKERKMASEVPQVVSLDPTSIPIEYNTPIHDIKVQVYDIKGGCNVEEGLTIFLVNNPGKENGPVKISSKVNDKNVSEFLKDENMEKFNVKLGTSKHFYMFNDNKNSVAVGYVGCGSVADLSEADMKRVVLSLVTMLHDNKLSKLTVVFEINVDKNLFRFFLETLFYEYMTDERFKSTDKNVNMEYIKHLGVYINNADTYKEEVEKARVYYFGTYYASQLIAAPSNYCNPVSLSNAAVELAQKLNLEYKILGVKELEELKMGAYLSVGKGSMYPNKFIHLTYKSKGDVKKKIALVGKGITFDSGGYNLKAAPGSMIDLMKFDMSGCAAVLGCAYCVGTLKPENVEIHFLSAVCENMVSKNSYRPGDIITASNGKTIEVGNTDAEGRLTLADALVYAEKLGVDYIVDIATLTGAMLYSLGTSYAGVFGNNEELINKILNSSKTSNEPVWWLPIINEYRATLNSKYADINNISSSVKASSIVASLFLKEFVQNTAWAHIDIAGVSWNFKARKPKGFGVRLLTEFVLNDAL,non-thermophile
MVLSEVWTTLSGVSGVCLACSLLSAAVVLRWTGRQKARGAATRARQKQRASLETMDKAVQRFRLQNPDLDSEALLTLPLLQLVQKLQSGELSPEAVFFTYLGKAWEVNKGTNCVTSYLTDCETQLSQAPRQGLLYGVPVSLKECFSYKGHDSTLGLSLNEGMPSESDCVVVQVLKLQGAVPFVHTNVPQSMLSFDCSNPLFGQTMNPWKSSKSPGGSSGGEGALIGSGGSPLGLGTDIGGSIRFPSAFCGICGLKPTGNRLSKSGLKGCVYGQTAVQLSLGPMARDVESLALCLKALLCEHLFTLDPTVPPLPFREEVYRSSRPLRVGYYETDNYTMPSPAMRRALIETKQRLEAAGHTLIPFLPNNIPYALEVLSAGGLFSDGGRSFLQNFKGDFVDPCLGDLILILRLPSWFKRLLSLLLKPLFPRLAAFLNSMRPRSAEKLWKLQHEIEMYRQSVIAQWKAMNLDVLLTPMLGPALDLNTPGRATGAISYTVLYNCLDFPAGVVPVTTVTAEDDAQMELYKGYFGDIWDIILKKAMKNSVGLPVAVQCVALPWQEELCLRFMREVEQLMTPQKQPS,non-thermophile
MNLLVTSSLGVLLHLVVLCQADDHSELLVNTKSGKVMGTRVPVLSSHISAFLGIPFAEPPVGNMRFRRPEPKKPWSGVWNASTYPNNCQQYVDEQFPGFSGSEMWNPNREMSEDCLYLNIWVPSPRPKSTTVMVWIYGGGFYSGSSTLDVYNGKYLAYTEEVVLVSLSYRVGAFGFLALHGSQEAPGNVGLLDQRMALQWVHDNIQFFGGDPKTVTIFGESAGGASVGMHILSPGSRDLFRRAILQSGSPNCPWASVSVAEGRRRAVELGRNLNCNLNSDEELIHCLREKKPQELIDVEWNVLPFDSIFRFSFVPVIDGEFFPTSLESMLNSGNFKKTQILLGVNKDEGSFFLLYGAPGFSKDSESKISREDFMSGVKLSVPHANDLGLDAVTLQYTDWMDDNNGIKNRDGLDDIVGDHNVICPLMHFVNKYTKFGNGTYLYFFNHRASNLVWPEWMGVIHGYEIEFVFGLPLVKELNYTAEEEALSRRIMHYWATFAKTGNPNEPHSQESKWPLFTTKEQKFIDLNTEPMKVHQRLRVQMCVFWNQFLPKLLNATACDGELSSSGTSSSKGIIFYVLFSILYLIF,non-thermophile
MSKPQPIAAANWKCNGSQQSLSELIDLFNSTSINHDVQCVVASTFVHLAMTKERLSHPKFVIAAQNAIAKSGAFTGEVSLPILKDFGVNWIVLGHSERRAYYGETNEIVADKVAAAVASGFMVIACIGETLQERESGRTAVVVLTQIAAIAKKLKKADWAKVVIAYEPVWAIGTGKVATPQQAQEAHALIRSWVSSKIGADVAGELRILYGGSVNGKNARTLYQQRDVNGFLVGGASLKPEFVDIIKATQ,non-thermophile
MKCKFVFCLSFLVLAITNANIFLRNEADLEEKTLRIPKALTTMGVIKPDMKIKLKMEGNVNGHAFVIEGEGEGKPYDGTHTLNLEVKEGAPLPFSYDILSNAFQYGNRALTKYPDDIADYFKQSFPEGYSWERTMTFEDKGIVKVKSDISMEEDSFIYEIRFDGMNFPPNGPVMQKKTLKWEPSTEIMYVRDGVLVGDISHSLLLEGGGHYRCDFKSIYKAKKVVKLPDYHFVDHRIEILNHDKDYNKVTLYENAVARYSLLPSQA,non-thermophile
MMMKQYLQYLAAALPLVGLAAGQRAGNETPENHPPLTWQRCTAPGNCQTVNAEVVIDANWRWLHDDNMQNCYDGNQWTNACSTATDCAEKCMIEGAGDYLGTYGASTSGDALTLKFVTKHEYGTNVGSRFYLMNGPDKYQMFNLMGNELAFDVDLSTVECGINSALYFVAMEEDGGMASYPSNQAGARYGTGYCDAQCARDLKFVGGKANIEGWKSSTSDPNAGVGPYGSCCAEIDVWESNAYAFAFTPHACTTNEYHVCETTNCGGTYSEDRFAGKCDANGCDYNPYRMGNPDFYGKGKTLDTSRKFTVVSRFEENKLSQYFIQDGRKIEIPPPTWEGMPNSSEITPELCSTMFDVFNDRNRFEEVGGFEQLNNALRVPMVLVMSIWDDHYANMLWLDSIYPPEKEGQPGAARGDCPTDSGVPAEVEAQFPDAQVVWSNIRFGPIGSTYDF,non-thermophile
MKFLQVLPALIPAALAQTSCDQWATFTGNGYTVSNNLWGASAGSGFGCVTAVSLSGGASWHADWQWSGGQNNVKSYQNSQIAIPQKRTVNSISSMPTTASWSYSGSNIRANVAYDLFTAANPNHVTYSGDYELMIWLGKYGDIGPIGSSQGTVNVGGQSWTLYYGYNGAMQVYSFVAQTNTTNYSGDVKNFFNYLRDNKGYNAAGQYVLSYQFGTEPFTGSGTLNVASWTASIN,non-thermophile
MSEITLGRYLFERLKQVEVQTIFGLPGDFNLSLLDNIYEVPGMRWAGNANELNAAYAADGYARLKGMSCIITTFGVGELSALNGIAGSYAEHVGVLHVVGVPSVSSQAKQLLLHHTLGNGDFTVFHRMSSNISETTAMITDINTAPAEIDRCIRTTYVSQRPVYLGLPANLVDLTVPASLLDTPIDLSLKPNDPEAEEEVIENVLQLIKEAKNPVILADACCSRHDAKAETKKLIDLTQFPAFVTPMGKGSIDEKHPRFGGVYVGTLSSPAVKEAVESADLVLSVGALLSDFNTGSFSYSYKTKNIVEFHSDYTKIRSATFPGVQMKFALQKLLTKVADAAKGYKPVPVPSEPEHNEAVADSTPLKQEWVWTQVGEFLREGDVVITETGTSAFGINQTHFPNNTYGISQVLWGSIGFTTGATLGAAFAAEEIDPKKRVILFIGDGSLQLTVQEISTMIRWGLKPYLFVLNNDGYTIERLIHGETAQYNCIQNWQHLELLPTFGAKDYEAVRVSTTGEWNKLTTDEKFQDNTRIRLIEVMLPTMDAPSNLVKQAQLTAATNAKN,non-thermophile
MVTLTFLLSAAYLLSGRVSAAPSSAGSKSCDTVDLGYQCSPATSHLWGQYSPFFSLEDELSVSSKLPKDCRITLVQVLSRHGARYPTSSKSKKYKKLVTAIQANATDFKGKFAFLKTYNYTLGADDLTPFGEQQLVNSGIKFYQRYKALARSVVPFIRASGSDRVIASGEKFIEGFQQAKLADPGATNRAAPAISVIIPESETFNNTLDHGVCTKFEASQLGDEVAANFTALFAPDIRARAEKHLPGVTLTDEDVVSLMDMCSFDTVARTSDASQLSPFCQLFTHNEWKKYNYLQSLGKYYGYGAGNPLGPAQGIGFTNELIARLTRSPVQDHTSTNSTLVSNPATFPLNATMYVDFSHDNSMVSIFFALGLYNGTEPLSRTSVESAKELDGYSASWVVPFGARAYFETMQCKSEKEPLVRALINDRVVPLHGCDVDKLGRCKLNDFVKGLSWARSGGNWGECFS,non-thermophile
MFLKNIFIALAIALLVDASPAKRSPGFVTLDFDVIKTPVNATGQEGKVKRQAIPVTLNNEHVSYAADITIGSNKQKFNVIVDTGSSDLWVPDASVTCDKPRPGQSADFCKGKGIYTPKSSTTSQNLGTPFYIGYGDGSSSQGTLYKDTVGFGGASITKQVFADITKTSIPQGILGIGYKTNEAAGDYDNVPVTLKNQGVIAKNAYSLYLNSPNAATGQIIFGGVDKAKYSGSLIAVPVTSDRELRITLNSLKAVGKNINGNIDVLLDSGTTITYLQQDVAQDIIDAFQAELKSDGQGHTFYVTDCQTSGTVDFNFDNNAKISVPASEFTAPLSYANGQPYPKCQLLLGISDANILGDNFLRSAYLVYDLDDDKISLAQVKYTSASNIAALT,non-thermophile
MSEITLGKYLFERLKQVNVNTVFGLPGDFNLSLLDKIYEVEGMRWAGNANELNAAYAADGYARIKGMSCIITTFGVGELSALNGIAGSYAEHVGVLHVVGVPSISAQAKQLLLHHTLGNGDFTVFHRMSANISETTAMITDIATAPAEIDRCIRTTYVTQRPVYLGLPANLVDLNVPAKLLQTPIDMSLKPNDAESEKEVIDTILALVKDAKNPVILADACCSRHDVKAETKKLIDLTQFPAFVTPMGKGSIDEQHPRYGGVYVGTLSKPEVKEAVESADLILSVGALLSDFNTGSFSYSYKTKNIVEFHSDHMKIRNATFPGVQMKFVLQKLLTTIADAAKGYKPVAVPARTPANAAVPASTPLKQEWMWNQLGNFLQEGDVVIAETGTSAFGINQTTFPNNTYGISQVLWGSIGFTTGATLGAAFAAEEIDPKKRVILFIGDGSLQLTVQEISTMIRWGLKPYLFVLNNDGYTIEKLIHGPKAQYNEIQGWDHLSLLPTFGAKDYETHRVATTGEWDKLTQDKSFNDNSKIRMIEIMLPVFDAPQNLVEQAKLTAATNAKQ,non-thermophile
MSLLYIILLFTQFLLLPTDAFDRSANTNIAVYWGQNSAGTQESLATYCESSDADIFLLSFLNQFPTLGLNFANACSDTFSDGLLHCTQIAEDIETCQSLGKKVLLSLGGASGSYLFSDDSQAETFAQTLWDTFGEGTGASERPFDSAVVDGFDFDIENNNEVGYSALATKLRTLFAEGTKQYYLSAAPQCPYPDASVGDLLENADIDFAFIQFYNNYCSVSGQFNWDTWLTYAQTVSPNKNIKLFLGLPGSASAAGSGYISDTSLLESTIADIASSSSFGGIALWDASQAFSNELNGEPYVEILKNLLTSASQTATTTVATSKTSAASTSSASTSSASTSQKKTTQSTTSTQSKSKVTLSPTASSAIKTSITQTTKTLTSSTKTKSSLGTTTTESTLNSVAITSMKTTLSSQITSAALVTPQTTTTSIVSSAPIQTAITSTLSPATKSSSVVSLQTATTSTLSPTTTSTSSGSTSSGSTSSDSTARTLAKELNAQYAAGKLNGKSTCTEGEIACSADGKFAVCDHSAWVYMECASGTTCYAYDSGDSVYTQCNFSYLESNYF,non-thermophile
MSASKMAMSNLEKILELVPLSPTSFVTKYLPAAPVGSKGTFGGTLVSQSLLASLHTVPLNFFPTSLHSYFIKGGDPRTKITYHVQNLRNGRNFIHKQVSAYQHDKLIFTSMILFAVQRSKEHDSLQHWETIPGLQGKQPDPHRYEEATSLFQKEVLDPQKLSRYASLSDRFQDATSMSKYVDAFQYGVMEYQFPKDMFYSARHTDELDYFVKVRPPITTVEHAGDESSLHKHHPYRIPKSITPENDARYNYVAFAYLSDSYLLLTIPYFHNLPLYCHSFSVSLDHTIYFHQLPHVNNWIYLKISNPRSHWDKHLVQGKYFDTQSGRIMASVSQEGYVVYGSERDIRAKF,non-thermophile
MSKLFSTVNSARHSVPLGGMRDYVHIKKLEMNTVLGPDSWNQLMPQKCLLSLDMGTDFSKSAATDDLKYSLNYAVISRDLTNFVSKKKNWGSVSNLAKSVSQFVMDKYSGVECLNLEVQADTTHIRSDHISCIIQQERGNPESQEFDVVRISELKMLTLIGVFTFERLKKQYVTLDIKLPWPKKAELPPPVQSIIDNVVKFVEESNFKTVEALVESVSAVIAHNEYFQKFPDSPLVVKVLKLNAITATEGVGVSCIREPREIAMVNIPYLSSIHESSDIKFQLSSSQNTPIEGKNTWKRAFLAFGSNIGDRFKHIQMALQLLSREKTVKLRNISSIFESEPMYFKDQTPFMNGCVEVETLLTPSELLKLCKKIEYEELQRVKHFDNGPRTIDLDIVMFLNSAGEDIIVNEPDLNIPHPRMLERTFVLEPLCELISPVHLHPVTAEPIVDHLKQLYDKQHDEDTLWKLVPLPYRSGVEPRFLKFKTATKLDEFTGETNRITVSPTYIMAIFNATPDSFSDGGEHFADIESQLNDIIKLCKDALYLHESVIIDVGGCSTRPNSIQASEEEEIRRSIPLIKAIRESTELPQDKVILSIDTYRSNVAKEAIKVGVDIINDISGGLFDSNMFAVIAENPEICYILSHTRGDISTMNRLAHYENFALGDSIQQEFVHNTDIQQLDDLKDKTVLIRNVGQEIGERYIKAIDNGVKRWQILIDPGLGFAKTWKQNLQIIRHIPILKNYSFTMNSNNSQVYVNLRNMPVLLGPSRKKFIGHITKDVDAKQRDFATGAVVASCIGFGSDMVRVHDVKNCSKSIKLADAIYKGLE,non-thermophile
MKLLSLTGVAGVLATCVAATPLVKRLPSGSDPAFSQPKSVLDAGLTCQGASPSSVSKPILLVPGTGTTGPQSFDSNWIPLSTQLGYTPCWISPPPFMLNDTQVNTEYMVNAITALYAGSGNNKLPVLTWSQGGLVAQWGLTFFPSIRSKVDRLMAFAPDYKGTVLAGPLDALAVSAPSVWQQTTGSALTTALRNAGGLTQIVPTTNLYSATDEIVQPQVSNSPLDSSYLFNGKNVQAQAVCGPLFVIDHAGSLTSQFSYVVGRSALRSTTGQARSADYGITDCNPLPANDLTPEQKVAAAALLAPAAAAIVAGPKQNCEPDLMPYARPFAVGKRTCSGIVTP,non-thermophile
MRVTTLSTALFALASTAVSAPTAGSSSPGLEVKLTQIDNTRVKAVVKNTGSEEVSFVHLNFFKDAGPVKKVSIYRGQDEVQFEGIKRRLRSSGITKEAVTSLGAGETLEDEFDIASTSDLASGGPVSIRSHGFVPIVVDGKITGYIPYKSNDLTVNVDGGKAAKVTKALSQLTRRTEVTDCKGDAESSLTTALSNAAKLANQAAEAAESGDESKFEEYFKTTDQQTRTTVAERLRAVAKEAGSTSGGSTTYHCNDPYGYCEPNVLAYTLPSKNEIANCDIYYSELPPLAQKCHAQDQATTTLHEFTHAPGVYQPGTEDLGYGYDAATQLSAQDALNNADSYALYANAIELKC,non-thermophile
MGDGWLPPDCGPHNRSGGGGATAAPTGSRQVSAELLSQQWEAGMSLLMALVVLLIVAGNVLVIAAIGRTQRLQTLTNLFITSLACADLVMGLLVVPFGATLVVRGTWLWGSFLCECWTSLDVLCVTASIETLCVIAIDRYLAITSPFRYQSLMTRARAKVIICTVWAISALVSFLPIMMHWWRDEDPQALKCYQDPGCCDFVTNRAYAIASSIISFYIPLLIMIFVYLRVYREAKEQIRKIDRCEGRFYGSQEQPQPPPLPQHQPILGNGRASKRKTSRVMAMREHKALKTLGIIMGVFTLCWLPFFLVNIVNVFNRDLVPDWLFVFFNWLGYANSAFNPIIYCRSPDFRKAFKRLLCFPRKADRRLHAGGQPAPLPGGFISTLGSPEHSPGGTWSDCNGGTRGGSESSLEERHSKTSRSESKMEREKNILATTRFYCTFLGNGDKAVFCTVLRIVKLFEDATCTCPHTHKLKMKWRFKQHQA,non-thermophile
MKKIILTIGCPGSGKSTWAREFIAKNPGFYNINRDDYRQSIMAHEERDEYKYTKKKEGIVTGMQFDTAKSILYGGDSVKGVIISDTNLNPERRLAWETFAKEYGWKVEHKVFDVPWTELVKRNSKRGTKAVPIDVLRSMYKSMREYLGLPVYNGTPGKPKAVIFDVDGTLAKMNGRGPYDLEKCDTDVINPMVVELSKMYALMGYQIVVVSGRESGTKEDPTKYYRMTRKWVEDIAGVPLVMQCQREQGDTRKDDVVKEEIFWKHIAPHFDVKLAIDDRTQVVEMWRRIGVECWQVASGDF,non-thermophile
